tanaman,ketinggian,hujan,temperatur
kentang,1204,2715,23
kentang,1963,3218,16
stroberi,1391,661,18
bayam,212,1167,27
bayam,261,1794,27
kentang,1534,2859,13
jambu air,36,1641,22
stroberi,1374,673,19
jambu air,479,1548,11
kentang,1897,2859,20
kentang,1757,3091,16
jambu air,193,501,12
bayam,1336,1246,30
bayam,1309,1956,21
jambu air,340,2437,18
kentang,1476,2423,19
bayam,765,1706,20
stroberi,1160,647,17
stroberi,1173,667,17
cabai,1358,1902,21
jambu air,223,2741,26
stroberi,1004,621,19
cabai,441,955,27
kentang,2033,3111,20
jambu air,63,1086,14
stroberi,1173,615,17
bayam,1888,1513,28
bayam,1106,1655,26
jambu air,92,2662,11
kentang,1038,3105,16
stroberi,1021,678,17
jambu air,389,2165,28
stroberi,1333,669,18
stroberi,1061,619,17
bayam,1625,1715,26
cabai,195,1397,19
bayam,433,1798,23
kentang,2481,2495,21
stroberi,1381,627,20
bayam,799,1089,29
cabai,638,1972,27
stroberi,1001,622,18
jambu air,267,1771,15
stroberi,1406,691,20
bayam,153,1250,29
stroberi,1078,642,19
jambu air,269,1768,27
jambu air,100,2249,26
cabai,1265,1169,27
stroberi,1422,665,19
bayam,388,1455,22
cabai,914,1651,29
bayam,232,1413,25
stroberi,1487,667,19
stroberi,1133,659,19
stroberi,1075,670,20
kentang,2909,2954,24
cabai,1229,1074,19
cabai,479,1999,30
bayam,659,1856,21
jambu air,379,1402,27
bayam,1233,1885,21
jambu air,424,2416,23
bayam,1841,1343,23
bayam,666,1066,22
kentang,1083,2649,15
bayam,1735,1186,27
bayam,1345,1121,25
bayam,591,1492,22
cabai,286,1867,18
kentang,1240,3033,23
cabai,1026,1811,26
kentang,2231,3329,20
bayam,800,1036,28
cabai,556,1490,21
jambu air,122,1395,18
kentang,1578,3450,18
jambu air,442,521,14
stroberi,1491,684,17
kentang,1153,3001,17
bayam,529,1983,23
jambu air,302,612,13
kentang,2582,3447,24
bayam,682,1817,29
stroberi,1395,642,17
cabai,602,1791,23
cabai,1117,1642,29
kentang,1082,2599,24
jambu air,472,860,24
stroberi,1495,602,17
stroberi,1276,626,19
stroberi,1436,617,18
stroberi,1456,649,18
stroberi,1177,667,20
stroberi,1112,606,17
kentang,2557,3512,20
jambu air,447,2626,10
jambu air,189,1898,18
cabai,663,1539,19
jambu air,61,2307,12
cabai,191,968,19
bayam,399,1705,29
stroberi,1266,608,17
stroberi,1046,698,18
stroberi,1376,623,20
kentang,491,3093,18
bayam,700,1972,27
kentang,1682,2888,21
stroberi,1482,625,20
bayam,1366,1254,25
cabai,632,1960,19
cabai,50,889,18
kentang,661,3438,13
bayam,1844,1565,26
stroberi,1448,657,17
cabai,739,1930,20
kentang,2650,3258,19
kentang,1581,3328,14
kentang,2874,2507,17
jambu air,50,2128,11
bayam,561,1117,20
cabai,1066,1596,27
jambu air,193,2468,14
kentang,1682,3281,20
cabai,291,1273,26
cabai,1356,1575,20
jambu air,119,2938,13
cabai,1279,916,28
kentang,1421,3251,18
bayam,840,1554,21
stroberi,1253,602,18
cabai,653,809,26
stroberi,1038,685,17
cabai,1310,1692,26
bayam,1813,1747,20
kentang,1952,2959,13
bayam,1689,1180,29
bayam,1094,1457,20
cabai,197,2000,30
bayam,1515,1360,20
jambu air,252,2251,21
bayam,121,1763,21
cabai,1337,1612,20
cabai,642,1833,25
bayam,1865,1438,26
kentang,1193,3512,24
jambu air,106,2034,20
bayam,418,1689,22
jambu air,102,2059,13
cabai,331,1449,28
bayam,1269,1972,27
jambu air,484,1104,10
jambu air,295,2204,24
jambu air,280,679,28
kentang,2622,3226,20
stroberi,1292,611,18
cabai,1255,1339,18
bayam,269,1467,21
kentang,2784,2834,24
jambu air,198,2352,27
kentang,2725,2597,23
cabai,169,1447,22
cabai,465,1019,22
kentang,1747,3366,22
stroberi,1087,698,19
cabai,1229,1996,28
cabai,581,1141,26
bayam,860,1150,24
kentang,2043,3387,24
jambu air,446,2750,28
jambu air,294,2397,17
jambu air,244,1717,24
jambu air,360,2841,13
cabai,258,1512,25
stroberi,1316,693,17
bayam,1560,1956,30
jambu air,270,811,18
cabai,1266,1855,24
kentang,1743,2797,21
stroberi,1060,658,20
stroberi,1278,603,20
kentang,919,3065,14
stroberi,1049,606,18
cabai,1226,1561,26
jambu air,305,2822,28
bayam,1854,1918,29
bayam,866,1651,28
jambu air,427,1542,22
kentang,979,3125,22
stroberi,1151,638,18
stroberi,1188,637,20
jambu air,7,1440,26
bayam,439,1224,30
bayam,891,1288,29
bayam,886,1459,23
jambu air,156,2685,11
cabai,897,1388,25
bayam,522,1207,28
jambu air,129,776,17
stroberi,1036,688,20
cabai,336,1545,27
bayam,779,1341,27
cabai,360,1960,22
cabai,556,1242,27
bayam,1525,1877,21
stroberi,1013,649,17
stroberi,1119,633,19
bayam,1063,1754,26
cabai,377,1196,21
kentang,303,3488,22
kentang,751,2738,21
bayam,101,1423,23
cabai,891,1888,18
stroberi,1443,676,19
kentang,2875,2540,23
stroberi,1192,653,17
kentang,2743,2701,13
bayam,1395,1428,20
bayam,1066,1290,22
kentang,525,2870,13
stroberi,1462,679,17
stroberi,1055,665,17
stroberi,1367,668,17
bayam,1586,1116,25
jambu air,332,1957,13
stroberi,1144,668,17
bayam,1355,1532,30
stroberi,1112,629,17
cabai,734,808,19
kentang,2952,2531,22
stroberi,1338,618,18
kentang,1764,3472,14
jambu air,202,1054,24
jambu air,232,1987,12
bayam,499,1488,29
cabai,202,1451,28
cabai,466,1580,24
kentang,1831,3523,13
kentang,1681,3098,23
cabai,529,1618,19
kentang,1802,3519,18
stroberi,1265,697,17
jambu air,164,1078,18
kentang,2110,3470,16
kentang,467,3059,16
cabai,131,1980,18
kentang,1700,3142,14
stroberi,1267,609,20
bayam,488,1910,29
jambu air,196,504,11
stroberi,1081,635,17
stroberi,1263,664,20
stroberi,1323,690,18
jambu air,235,2800,11
bayam,1916,1076,30
cabai,984,1288,24
kentang,1640,3225,24
stroberi,1337,652,18
bayam,1073,1577,30
kentang,1897,2615,19
cabai,88,1016,19
stroberi,1179,674,20
stroberi,1266,613,17
kentang,1276,3593,22
bayam,591,1820,28
kentang,1846,3217,18
jambu air,234,1048,25
jambu air,467,2100,25
bayam,12,1623,25
kentang,890,2524,21
bayam,908,1543,25
jambu air,444,2950,25
bayam,1829,1511,23
stroberi,1156,602,20
stroberi,1389,668,20
kentang,468,2535,21
cabai,1084,1932,24
jambu air,230,606,28
cabai,1042,897,23
bayam,1571,1556,20
cabai,719,1941,25
stroberi,1477,663,20
stroberi,1130,636,20
bayam,55,1666,20
kentang,2965,2597,14
bayam,112,1013,22
stroberi,1265,673,19
stroberi,1011,603,17
stroberi,1301,631,17
stroberi,1424,673,20
kentang,1809,2814,19
kentang,1530,2898,21
bayam,1474,1922,30
cabai,589,1631,24
jambu air,379,1480,14
bayam,757,1433,28
bayam,1563,1950,22
cabai,1264,1616,25
jambu air,60,2685,10
cabai,829,1710,25
stroberi,1478,689,20
stroberi,1422,661,18
cabai,722,1701,24
bayam,438,1086,27
cabai,776,1464,20
jambu air,67,606,27
stroberi,1216,611,18
jambu air,30,928,16
bayam,1755,1522,28
jambu air,414,1936,21
bayam,1904,1868,20
jambu air,400,2298,18
jambu air,497,1228,15
cabai,70,1698,22
cabai,114,1728,21
bayam,1689,1331,24
jambu air,444,1948,26
jambu air,34,2571,10
cabai,997,976,24
jambu air,22,1250,22
kentang,1692,3497,14
bayam,1051,1962,20
kentang,1911,3030,23
cabai,1310,899,23
stroberi,1216,694,20
kentang,1223,3002,13
cabai,55,1445,23
cabai,769,991,20
bayam,1137,1439,22
cabai,141,1219,23
bayam,1403,1697,23
jambu air,243,1295,12
stroberi,1265,668,17
stroberi,1086,666,19
jambu air,323,1816,12
bayam,293,1182,21
jambu air,305,2751,26
jambu air,88,1387,15
bayam,623,1798,22
bayam,1107,1943,20
bayam,1774,1423,27
stroberi,1306,692,18
bayam,785,1388,29
stroberi,1074,665,18
jambu air,357,766,25
bayam,414,1824,27
jambu air,107,894,24
bayam,640,1332,22
jambu air,381,1252,26
kentang,2908,3319,24
bayam,1248,1574,21
stroberi,1372,664,18
kentang,2716,2722,14
stroberi,1342,650,20
jambu air,431,1709,24
bayam,357,1310,21
kentang,2189,3207,23
kentang,1835,3296,22
stroberi,1161,649,20
cabai,598,1244,20
cabai,219,800,24
kentang,1424,2954,14
cabai,1311,1879,21
kentang,1459,3417,14
jambu air,406,929,19
kentang,306,2540,14
bayam,1102,1931,20
stroberi,1209,692,18
bayam,1029,1110,25
bayam,1682,1333,24
bayam,1466,1069,26
stroberi,1193,688,20
kentang,430,3373,16
cabai,755,1140,24
jambu air,315,2828,22
bayam,891,1819,22
cabai,838,1474,27
stroberi,1168,663,18
stroberi,1348,602,19
bayam,747,1657,27
stroberi,1354,607,19
jambu air,324,2440,11
cabai,336,1123,27
stroberi,1128,655,20
kentang,788,3461,15
kentang,2413,3022,20
bayam,857,1081,30
kentang,2203,3169,24
kentang,659,2824,13
jambu air,291,532,21
jambu air,163,636,16
stroberi,1107,680,18
cabai,1323,820,19
jambu air,478,2219,16
jambu air,483,1588,18
bayam,1869,1725,23
cabai,1124,1216,26
jambu air,405,892,25
jambu air,468,2268,28
bayam,409,1431,24
stroberi,1099,668,17
bayam,926,1162,30
bayam,1827,1681,20
bayam,718,1553,24
jambu air,304,728,11
jambu air,408,2189,16
kentang,2532,3040,20
bayam,116,1006,22
jambu air,378,2946,16
jambu air,118,2626,20
cabai,238,1558,30
bayam,814,1742,27
jambu air,229,2666,16
cabai,814,1854,29
jambu air,271,808,20
bayam,1018,1350,30
bayam,704,1515,25
kentang,1779,3381,24
jambu air,164,860,18
bayam,28,1469,20
kentang,2015,2890,20
cabai,467,1694,28
bayam,391,1078,25
bayam,153,1250,21
stroberi,1427,684,17
jambu air,230,2011,26
bayam,1324,1636,24
stroberi,1373,693,19
jambu air,310,2240,26
jambu air,29,939,12
jambu air,365,671,27
bayam,1385,1563,20
jambu air,323,2720,27
bayam,535,1998,24
stroberi,1037,664,20
kentang,1838,3114,20
stroberi,1139,674,19
stroberi,1342,602,18
kentang,2227,3348,19
kentang,1160,3241,22
stroberi,1030,631,18
cabai,1026,1203,26
stroberi,1196,674,18
jambu air,134,1266,17
bayam,717,1673,26
cabai,885,1653,21
stroberi,1129,635,19
cabai,355,1658,20
kentang,1860,2797,24
stroberi,1488,673,18
kentang,1735,3070,16
stroberi,1066,652,18
cabai,326,1912,19
jambu air,434,1369,19
kentang,508,3329,21
kentang,887,3029,18
jambu air,462,2673,10
jambu air,150,2031,18
stroberi,1249,692,17
stroberi,1089,624,19
bayam,519,1437,23
bayam,73,1273,30
jambu air,322,2834,17
kentang,1999,2685,14
stroberi,1328,624,19
jambu air,460,1987,19
stroberi,1156,626,19
bayam,763,1289,28
bayam,1905,1059,25
cabai,740,1539,27
jambu air,203,1512,22
bayam,628,1848,25
bayam,1201,1488,24
stroberi,1061,682,19
kentang,580,2499,24
jambu air,445,1277,13
kentang,748,3540,22
bayam,417,1122,25
jambu air,212,1831,12
kentang,2224,3037,23
jambu air,10,2261,21
bayam,913,1956,21
jambu air,294,2222,25
cabai,478,926,26
cabai,5,1784,25
cabai,552,1460,23
cabai,496,889,19
cabai,57,1430,28
stroberi,1302,648,19
kentang,1091,2881,13
stroberi,1090,640,17
bayam,686,1550,22
stroberi,1003,626,17
cabai,1271,1300,19
cabai,1156,1890,25
bayam,1119,1288,23
cabai,1199,1952,23
jambu air,97,2282,20
kentang,2237,2456,21
jambu air,109,857,12
cabai,713,1766,27
bayam,938,1639,27
jambu air,16,1810,12
cabai,28,860,23
stroberi,1329,663,19
bayam,652,1542,28
jambu air,142,2525,12
kentang,656,3189,18
stroberi,1485,601,20
kentang,760,3225,18
bayam,1787,1002,25
stroberi,1080,600,17
stroberi,1128,674,20
jambu air,105,1869,20
stroberi,1367,661,20
stroberi,1075,638,19
cabai,1187,1817,28
bayam,400,1355,24
stroberi,1080,637,19
cabai,282,1425,21
stroberi,1421,651,17
stroberi,1322,635,18
cabai,1021,991,19
stroberi,1472,653,20
jambu air,454,1686,18
stroberi,1476,626,20
stroberi,1054,631,18
jambu air,108,553,13
jambu air,299,1574,19
jambu air,288,2741,17
kentang,2444,2665,24
kentang,2421,3266,18
cabai,774,1140,18
bayam,858,1098,25
jambu air,18,1874,26
cabai,882,910,21
kentang,2352,3382,13
cabai,1099,1231,28
jambu air,313,953,20
stroberi,1168,648,18
kentang,471,2621,14
kentang,2081,3288,20
cabai,900,1645,26
jambu air,226,1990,20
kentang,2367,3038,16
kentang,2372,3361,22
bayam,209,1275,28
bayam,1314,1316,26
jambu air,85,2026,23
stroberi,1013,698,18
bayam,1153,1686,25
cabai,364,1774,19
kentang,1249,3188,20
cabai,1046,1666,27
cabai,443,1164,26
jambu air,67,2683,18
bayam,185,1534,26
cabai,1037,1939,22
cabai,1285,1729,23
kentang,470,3048,23
bayam,1710,1443,23
jambu air,265,1584,10
jambu air,26,776,24
bayam,1304,1525,23
stroberi,1398,638,20
kentang,393,2530,15
cabai,1157,1161,28
jambu air,270,2024,11
jambu air,391,2109,24
bayam,752,1599,24
stroberi,1044,658,17
bayam,1588,1276,22
cabai,889,1690,26
cabai,379,1519,27
kentang,2188,2479,15
kentang,1808,2433,16
cabai,571,997,27
cabai,1365,1445,29
bayam,95,1453,30
stroberi,1495,671,20
jambu air,86,844,22
jambu air,10,2291,18
bayam,1199,1861,27
stroberi,1412,689,18
kentang,958,3456,15
kentang,2971,2739,16
jambu air,47,2063,26
kentang,1447,2592,16
bayam,1402,1491,26
bayam,747,1879,20
stroberi,1376,640,17
kentang,1108,2451,15
jambu air,175,2836,14
cabai,464,1466,24
jambu air,387,2675,13
bayam,1336,1762,22
kentang,2907,3344,18
stroberi,1134,692,17
stroberi,1471,684,19
bayam,1544,1991,20
stroberi,1243,643,17
jambu air,239,1388,13
jambu air,446,2937,11
jambu air,10,1211,13
bayam,908,1088,30
cabai,680,1141,23
kentang,2308,2497,22
bayam,787,1995,20
cabai,32,1251,23
bayam,780,1872,27
bayam,1773,1781,23
stroberi,1392,643,18
kentang,1851,2703,21
bayam,1152,1938,29
stroberi,1142,607,20
bayam,1994,1650,25
kentang,1741,2564,21
stroberi,1195,677,19
cabai,277,1112,30
jambu air,237,1275,25
cabai,184,1706,18
jambu air,349,989,22
stroberi,1471,600,18
bayam,561,1672,24
jambu air,390,634,27
stroberi,1328,641,20
cabai,34,1753,20
bayam,726,1927,25
jambu air,486,1742,13
cabai,55,1906,24
cabai,1020,947,28
bayam,478,1928,23
bayam,961,1060,24
jambu air,382,2366,26
jambu air,106,2171,21
bayam,59,1504,21
cabai,1328,1646,25
stroberi,1128,607,20
stroberi,1244,687,18
bayam,189,1114,20
cabai,929,1082,29
kentang,1598,3261,23
cabai,1016,1052,21
jambu air,72,2195,16
stroberi,1145,681,19
stroberi,1166,633,19
cabai,1264,1571,27
stroberi,1016,669,18
cabai,347,1708,18
cabai,1353,1718,28
jambu air,50,1485,16
cabai,237,1675,23
stroberi,1272,662,18
kentang,2244,3170,15
jambu air,18,669,23
bayam,275,1891,30
jambu air,20,1032,18
bayam,1161,1985,27
bayam,1159,1380,20
stroberi,1335,681,20
kentang,1786,3153,16
cabai,785,1574,21
stroberi,1131,602,18
jambu air,118,574,21
cabai,613,896,28
kentang,2778,3386,19
jambu air,72,2496,25
jambu air,260,2846,17
stroberi,1483,621,18
jambu air,438,719,15
bayam,663,1027,22
cabai,265,1322,22
bayam,1240,1939,22
cabai,134,1302,21
cabai,1373,1133,25
bayam,979,1853,29
bayam,1434,1077,25
stroberi,1367,695,20
cabai,543,1461,21
jambu air,90,1039,11
cabai,1044,847,22
jambu air,20,1284,22
stroberi,1338,699,20
kentang,2789,3471,21
bayam,1128,1745,21
cabai,81,1680,24
stroberi,1342,625,18
stroberi,1264,698,20
jambu air,13,1075,13
jambu air,174,2161,27
bayam,1968,1130,30
stroberi,1431,616,19
kentang,654,2935,18
jambu air,338,758,17
cabai,729,973,22
jambu air,94,913,16
cabai,957,845,27
stroberi,1189,672,19
kentang,864,2919,23
cabai,186,1873,21
cabai,852,1742,22
jambu air,454,603,24
bayam,717,1350,22
stroberi,1189,650,19
cabai,1101,1548,30
kentang,918,2804,23
bayam,1202,1132,21
bayam,150,1072,25
jambu air,463,2323,15
cabai,708,1544,25
kentang,1518,3521,14
bayam,1729,1442,27
kentang,1894,3170,14
jambu air,418,2768,24
stroberi,1459,606,19
cabai,77,1057,22
cabai,432,1776,26
cabai,373,1312,26
cabai,485,1714,30
jambu air,336,1162,18
cabai,404,1512,28
cabai,489,1267,28
kentang,2824,2762,13
kentang,1170,3139,16
kentang,1718,2769,23
jambu air,119,1376,28
cabai,340,1458,22
kentang,1309,2630,23
jambu air,150,2728,22
stroberi,1121,657,17
kentang,684,3031,16
stroberi,1048,694,17
cabai,1105,1095,26
stroberi,1159,690,19
stroberi,1108,625,17
jambu air,447,1732,12
cabai,405,1390,24
stroberi,1431,665,17
cabai,1038,1993,19
stroberi,1465,662,18
kentang,2715,3358,17
jambu air,51,2061,14
jambu air,143,1973,19
bayam,870,1111,30
jambu air,233,1990,15
kentang,437,2420,17
bayam,1473,1891,27
stroberi,1484,693,17
stroberi,1399,675,19
jambu air,40,1408,17
bayam,1120,1398,26
bayam,1781,1074,30
cabai,129,1436,28
kentang,2731,3325,23
stroberi,1326,641,18
kentang,1936,2885,19
cabai,217,1714,28
stroberi,1049,699,17
bayam,1658,1556,23
cabai,474,1923,25
stroberi,1007,612,19
kentang,2693,3161,20
kentang,1205,2423,14
stroberi,1431,674,19
jambu air,348,2697,17
stroberi,1199,669,18
cabai,1017,1829,25
jambu air,14,853,17
cabai,43,1307,27
cabai,272,1234,28
cabai,768,855,18
jambu air,429,1680,13
bayam,1712,1420,29
kentang,492,3406,24
jambu air,127,1591,23
cabai,1344,1001,29
kentang,2088,3586,23
jambu air,321,2925,13
cabai,552,1849,18
kentang,1161,3016,19
bayam,836,1008,30
bayam,5,1926,23
bayam,839,1507,25
cabai,213,1077,23
stroberi,1089,660,19
jambu air,237,809,27
bayam,1869,1886,25
stroberi,1040,646,19
cabai,645,1288,25
jambu air,374,637,16
cabai,902,1584,24
kentang,2384,3413,15
stroberi,1218,690,20
kentang,1999,2928,24
bayam,1411,1952,24
kentang,2677,3206,24
bayam,979,1055,25
kentang,847,2645,15
stroberi,1225,626,18
jambu air,357,2240,25
cabai,996,1598,26
cabai,417,1038,26
bayam,192,1374,21
stroberi,1439,634,17
cabai,1179,1596,21
bayam,282,1428,26
kentang,751,3138,14
bayam,1071,1689,28
bayam,1140,1095,24
cabai,144,1792,29
cabai,469,1985,21
kentang,2643,2784,20
bayam,956,1236,23
stroberi,1383,631,20
stroberi,1265,619,18
cabai,249,1765,27
stroberi,1087,661,19
cabai,879,1415,24
cabai,1351,1934,28
bayam,1870,1358,21
jambu air,371,891,28
jambu air,35,2417,21
cabai,191,903,22
bayam,1936,1830,20
kentang,306,2445,14
cabai,733,1527,22
kentang,608,2987,16
cabai,923,1296,18
stroberi,1412,673,19
stroberi,1000,638,19
kentang,2062,2963,20
bayam,926,1859,26
kentang,908,2685,20
cabai,1066,1174,22
bayam,155,1138,20
stroberi,1281,629,18
cabai,758,823,26
stroberi,1370,624,18
bayam,705,1880,25
cabai,675,1771,21
jambu air,94,583,19
bayam,535,1939,30
stroberi,1244,653,18
kentang,1962,2701,21
bayam,517,1620,24
kentang,1402,3164,23
kentang,1123,2890,17
stroberi,1032,601,17
kentang,524,2925,13
jambu air,347,1639,17
cabai,101,1671,29
bayam,1879,1838,24
stroberi,1383,603,17
stroberi,1046,654,18
kentang,1760,3561,23
bayam,1992,1382,24
jambu air,287,1704,26
kentang,1399,3188,20
kentang,1367,3431,15
jambu air,32,1578,25
bayam,589,1933,20
bayam,307,1109,21
stroberi,1409,674,19
bayam,182,1753,24
stroberi,1284,603,18
jambu air,64,1321,17
stroberi,1302,661,20
kentang,527,2951,14
stroberi,1279,645,18
stroberi,1062,649,20
cabai,251,1966,26
jambu air,21,2297,23
jambu air,390,1113,19
jambu air,464,2394,16
kentang,814,3583,19
cabai,1345,1182,21
jambu air,479,2209,24
stroberi,1122,689,18
jambu air,291,2942,20
jambu air,92,654,22
jambu air,240,1798,23
stroberi,1328,622,20
kentang,2381,3056,15
bayam,1071,1526,26
cabai,46,1797,24
bayam,347,1591,28
bayam,1354,1050,28
bayam,91,1496,20
stroberi,1051,636,19
stroberi,1220,609,17
cabai,881,1211,27
bayam,34,1728,27
cabai,369,1733,20
bayam,1437,1103,22
bayam,1501,1201,30
cabai,1365,1081,19
jambu air,129,1336,23
kentang,736,3206,17
bayam,1308,1075,24
bayam,1526,1802,20
jambu air,304,1035,17
kentang,303,3539,13
kentang,2743,2777,14
kentang,2715,3057,24
cabai,815,1866,23
stroberi,1366,659,19
kentang,1358,3247,19
kentang,551,2974,24
bayam,1237,1969,23
cabai,1327,1641,23
jambu air,49,2485,24
stroberi,1488,670,18
bayam,196,1179,26
bayam,1690,1681,26
jambu air,146,2870,17
bayam,272,1803,23
cabai,655,1909,26
stroberi,1321,681,17
jambu air,40,563,20
bayam,532,1485,23
bayam,460,1097,27
jambu air,296,1347,25
cabai,1102,817,26
kentang,2583,2615,17
cabai,652,1041,22
kentang,832,3182,20
cabai,85,1506,23
bayam,978,1911,22
jambu air,242,740,10
bayam,734,1831,30
stroberi,1295,632,20
kentang,2888,3571,18
bayam,919,1431,20
bayam,1175,1396,26
jambu air,33,2850,11
kentang,1299,2630,19
cabai,1198,917,30
jambu air,28,1007,28
jambu air,212,2388,24
stroberi,1155,678,17
jambu air,92,903,12
stroberi,1097,671,17
cabai,88,1461,27
bayam,518,1622,26
stroberi,1048,614,17
stroberi,1407,661,18
stroberi,1060,684,20
stroberi,1077,618,20
stroberi,1182,639,20
kentang,2753,3547,13
stroberi,1188,632,17
bayam,1351,1219,20
cabai,1214,1153,24
stroberi,1160,660,20
cabai,1247,1520,21
jambu air,225,1074,13
jambu air,458,1365,14
jambu air,275,2058,15
kentang,1205,3086,18
jambu air,84,858,24
cabai,1073,1709,27
kentang,2408,3094,24
bayam,1058,1741,30
kentang,1239,3465,21
kentang,2519,3345,23
kentang,2409,2689,22
stroberi,1275,617,18
cabai,634,1150,24
kentang,680,3207,24
jambu air,63,2491,25
cabai,603,1206,25
jambu air,96,2660,26
kentang,659,2525,19
cabai,599,1989,26
cabai,446,1333,24
cabai,38,1129,20
cabai,673,920,20
stroberi,1050,663,17
jambu air,175,2480,17
kentang,1650,3225,22
bayam,1790,1119,27
kentang,443,3015,17
jambu air,415,2499,26
bayam,1010,1024,28
stroberi,1376,619,18
stroberi,1230,688,17
bayam,1077,1123,28
bayam,1278,1987,30
jambu air,415,2759,26
cabai,702,1388,28
jambu air,300,2099,20
cabai,1112,1653,27
bayam,1705,1346,28
jambu air,358,2415,14
cabai,910,1008,20
cabai,1137,824,22
jambu air,28,915,22
kentang,1087,3283,24
stroberi,1151,627,17
jambu air,326,1512,13
stroberi,1450,697,17
cabai,1142,828,26
stroberi,1402,638,17
jambu air,45,2012,27
jambu air,27,1003,20
bayam,355,1414,27
jambu air,25,2573,23
stroberi,1490,675,20
kentang,2957,3568,14
jambu air,350,1299,15
stroberi,1006,683,18
kentang,2765,3229,24
kentang,2187,3548,15
jambu air,227,2528,28
jambu air,197,2165,25
stroberi,1140,656,19
stroberi,1382,633,18
kentang,1199,2619,18
cabai,173,951,29
bayam,1051,1555,20
cabai,228,1617,18
stroberi,1369,693,18
cabai,528,1298,29
jambu air,405,1514,21
kentang,354,3326,14
stroberi,1084,615,17
jambu air,76,2087,27
cabai,812,1706,22
stroberi,1052,662,17
cabai,1027,1981,29
cabai,855,1274,29
bayam,155,1209,21
kentang,2703,3241,23
kentang,1515,2948,13
jambu air,152,2835,21
cabai,236,1331,20
cabai,106,876,26
bayam,748,1945,21
stroberi,1044,662,20
stroberi,1245,606,18
kentang,622,3167,19
bayam,41,1509,26
stroberi,1085,611,19
bayam,54,1374,22
jambu air,288,2872,21
jambu air,177,2281,10
bayam,1214,1091,25
bayam,1646,1373,21
stroberi,1415,655,17
bayam,875,1820,25
kentang,1305,2797,20
kentang,1157,3493,16
bayam,265,1285,26
bayam,1266,1490,20
kentang,1581,3420,22
bayam,1624,1554,21
jambu air,224,1278,28
bayam,837,1483,21
cabai,475,1275,18
bayam,1148,1161,28
stroberi,1219,600,17
jambu air,92,2778,26
jambu air,212,2796,11
stroberi,1165,628,19
cabai,1012,1254,24
kentang,544,3326,17
stroberi,1489,674,20
jambu air,187,2499,11
jambu air,313,1060,19
jambu air,32,1698,13
kentang,791,2813,13
stroberi,1297,671,19
jambu air,129,1235,17
jambu air,474,989,14
kentang,462,3550,24
stroberi,1424,610,20
cabai,1302,1767,26
bayam,1324,1308,20
stroberi,1235,622,20
cabai,1316,1356,23
bayam,1914,1713,26
bayam,49,1212,30
stroberi,1235,697,20
kentang,955,3460,22
jambu air,77,2190,16
jambu air,349,2763,14
bayam,1119,1105,20
jambu air,103,2096,12
stroberi,1454,614,19
bayam,775,1732,24
bayam,1928,1711,21
bayam,1259,1105,24
kentang,2558,3103,18
bayam,80,1449,28
kentang,2734,2503,16
cabai,1190,988,19
kentang,2803,3210,13
jambu air,374,1245,23
kentang,1440,2483,22
bayam,1993,1011,21
kentang,801,3024,20
stroberi,1364,699,20
cabai,50,1382,19
stroberi,1470,603,19
jambu air,289,2615,26
kentang,1476,2409,13
stroberi,1296,641,18
bayam,1573,1084,22
kentang,2763,3307,21
cabai,102,954,26
bayam,330,1174,29
kentang,2398,2548,20
bayam,1616,1217,25
bayam,1538,1981,25
kentang,1190,3379,21
jambu air,176,856,25
kentang,2341,2573,23
jambu air,156,2903,17
jambu air,14,2359,12
cabai,1118,1916,20
bayam,1791,1843,22
bayam,22,1781,23
bayam,674,1098,28
stroberi,1299,674,20
jambu air,182,2365,17
kentang,342,3391,20
jambu air,155,1170,18
kentang,1776,3448,18
jambu air,48,2804,18
bayam,1404,1522,28
cabai,507,836,29
kentang,794,2565,14
stroberi,1018,650,17
kentang,727,2424,21
jambu air,422,2547,18
jambu air,190,2509,23
jambu air,207,1142,14
jambu air,244,501,16
kentang,2268,3091,14
stroberi,1138,698,18
kentang,1903,3348,19
jambu air,219,546,12
stroberi,1133,657,18
cabai,1346,1201,25
stroberi,1466,604,19
cabai,609,1456,24
stroberi,1211,691,20
cabai,1198,821,27
cabai,822,1449,23
kentang,1389,3383,18
bayam,1918,1217,22
bayam,1593,1789,27
kentang,2995,3300,20
stroberi,1228,657,18
stroberi,1441,621,18
kentang,1313,3287,19
stroberi,1325,696,19
kentang,1916,3547,15
bayam,1409,1555,23
cabai,1204,1842,24
kentang,2123,3088,16
stroberi,1283,654,20
bayam,1908,1344,26
jambu air,42,2463,15
cabai,1089,1354,21
stroberi,1271,647,19
kentang,2590,2768,17
stroberi,1109,608,19
stroberi,1254,673,17
bayam,1484,1981,28
stroberi,1084,672,17
bayam,49,1359,23
bayam,1557,1219,20
kentang,1406,3239,14
jambu air,140,2494,10
kentang,605,3376,22
bayam,535,1710,22
cabai,1286,893,27
bayam,1983,1124,30
bayam,1683,1878,28
bayam,753,1344,22
jambu air,239,511,28
kentang,354,3565,13
cabai,347,1307,24
bayam,1013,1709,21
jambu air,230,2669,22
stroberi,1004,649,17
jambu air,297,2253,18
kentang,2555,3566,21
kentang,2990,3239,20
stroberi,1122,619,18
kentang,731,2966,15
stroberi,1344,689,19
kentang,1577,3174,24
kentang,2132,2568,17
bayam,1876,1636,27
kentang,925,2593,20
kentang,1186,3098,15
stroberi,1323,658,18
kentang,1593,3136,13
kentang,2785,2807,21
bayam,311,1065,28
kentang,2528,2511,20
kentang,480,2902,24
bayam,631,1601,28
cabai,254,1908,21
jambu air,246,1098,20
bayam,876,1946,20
stroberi,1325,683,18
stroberi,1400,631,20
cabai,962,1736,30
cabai,801,1667,29
jambu air,75,1856,17
bayam,948,1507,25
cabai,378,1931,23
kentang,2066,2736,20
kentang,953,2709,20
kentang,2527,2714,18
jambu air,246,2143,23
jambu air,6,1155,28
cabai,116,1510,20
bayam,207,1322,20
jambu air,246,2249,11
jambu air,305,2071,10
kentang,1407,3350,22
stroberi,1268,641,19
stroberi,1100,671,17
cabai,145,1105,27
cabai,1259,1191,28
bayam,1925,1282,29
cabai,1312,870,20
jambu air,302,1748,12
kentang,1595,2539,18
bayam,1786,1321,21
cabai,1238,1809,18
jambu air,156,1425,15
bayam,845,1866,22
cabai,267,1898,26
cabai,467,1020,28
stroberi,1013,610,17
jambu air,267,547,19
kentang,2158,3017,17
stroberi,1209,694,20
bayam,843,1863,27
cabai,1213,1599,23
cabai,357,1771,27
cabai,184,1183,21
cabai,371,1710,19
kentang,2732,3569,16
bayam,328,1877,21
cabai,235,1627,28
jambu air,479,752,19
bayam,879,1972,29
kentang,2399,3372,17
stroberi,1225,700,17
bayam,1810,1119,20
bayam,1847,1104,21
jambu air,20,1239,26
bayam,610,1463,29
kentang,2604,3165,19
stroberi,1133,662,17
jambu air,487,2164,26
stroberi,1360,621,19
jambu air,191,1582,25
kentang,2075,3303,23
kentang,2852,3457,15
jambu air,366,2848,21
bayam,45,1859,28
cabai,797,1805,18
stroberi,1200,677,18
kentang,2516,2878,22
jambu air,286,1338,23
bayam,1217,1860,22
stroberi,1279,697,19
cabai,1080,1712,19
kentang,1986,3219,19
jambu air,455,798,23
kentang,2720,3318,22
stroberi,1338,658,20
bayam,405,1121,23
stroberi,1250,684,18
cabai,1200,1422,23
kentang,2668,3097,17
kentang,1043,2966,22
stroberi,1144,691,19
kentang,1944,2734,20
jambu air,330,1688,16
bayam,178,1904,29
jambu air,96,1304,11
stroberi,1455,612,17
jambu air,202,2425,28
kentang,1469,3033,20
jambu air,68,1258,23
cabai,1126,1603,30
bayam,1392,1120,22
jambu air,407,807,13
kentang,1618,2820,18
cabai,649,969,22
jambu air,383,2555,28
cabai,1069,805,19
cabai,334,1401,29
cabai,22,1865,25
kentang,950,3317,18
stroberi,1151,638,20
jambu air,240,1454,12
bayam,1484,1608,22
stroberi,1487,659,20
bayam,1305,1660,24
jambu air,429,857,20
cabai,808,1812,28
cabai,482,1109,21
cabai,1025,1759,25
jambu air,272,1010,18
stroberi,1407,617,17
stroberi,1122,695,18
cabai,462,1585,26
stroberi,1344,680,18
kentang,1362,3197,16
kentang,1835,3178,19
stroberi,1482,629,20
bayam,1269,1565,23
kentang,2684,2413,16
kentang,390,3298,18
jambu air,461,2553,28
kentang,2476,3108,17
cabai,228,1393,21
bayam,667,1833,25
kentang,387,3314,18
cabai,1380,1414,22
kentang,2869,3133,22
jambu air,11,697,24
bayam,865,1157,27
stroberi,1332,690,18
jambu air,189,563,15
kentang,537,3512,21
kentang,304,3018,24
kentang,1740,2790,17
bayam,965,1038,22
kentang,1817,3112,22
stroberi,1125,612,18
bayam,832,1517,26
kentang,2013,2574,17
cabai,1360,1273,18
cabai,833,1225,22
jambu air,71,621,18
bayam,395,1835,20
kentang,1287,3599,16
cabai,1102,1665,22
cabai,1080,1233,27
stroberi,1389,688,20
stroberi,1178,672,18
cabai,1390,823,18
kentang,2697,3082,21
stroberi,1144,690,19
kentang,1884,2506,17
stroberi,1178,643,17
bayam,1150,1102,27
stroberi,1079,613,17
kentang,2106,3090,21
stroberi,1285,637,17
kentang,1298,2647,24
cabai,854,1977,26
bayam,16,1362,30
jambu air,461,1961,26
stroberi,1463,622,19
stroberi,1081,641,18
cabai,189,1320,26
kentang,385,3457,18
cabai,680,1268,25
cabai,850,1191,26
jambu air,117,601,17
bayam,648,1500,30
stroberi,1079,656,18
kentang,2053,3537,19
stroberi,1390,629,19
cabai,1127,1549,26
jambu air,353,750,18
jambu air,73,2045,16
cabai,669,880,27
kentang,2860,2516,18
bayam,1897,1777,20
cabai,620,1618,19
stroberi,1447,606,20
stroberi,1400,659,19
stroberi,1469,635,17
cabai,327,1620,22
bayam,484,1755,22
bayam,1779,1800,22
bayam,1883,1314,21
kentang,432,2699,22
bayam,148,1705,30
kentang,354,3076,13
cabai,471,1035,28
jambu air,423,2533,12
cabai,773,1139,26
stroberi,1128,685,18
stroberi,1368,664,20
stroberi,1097,639,20
cabai,111,1669,18
jambu air,357,916,25
bayam,1746,1680,30
kentang,2023,3132,13
stroberi,1281,656,17
kentang,2049,2841,19
stroberi,1362,698,17
kentang,1396,2515,24
stroberi,1208,688,19
stroberi,1210,643,17
bayam,211,1411,27
bayam,94,1890,24
stroberi,1380,610,20
stroberi,1229,611,19
stroberi,1455,659,18
cabai,635,1371,21
bayam,1073,1301,25
kentang,2009,2650,17
stroberi,1089,675,20
bayam,1985,1010,25
kentang,878,3225,23
jambu air,455,2242,23
kentang,1801,2484,14
kentang,2657,3428,21
kentang,2861,2669,15
jambu air,156,1769,17
cabai,1270,1558,30
kentang,2769,2914,21
jambu air,395,3000,15
stroberi,1281,600,17
stroberi,1347,690,17
kentang,2298,3292,18
bayam,758,1315,24
stroberi,1124,650,18
kentang,1540,3131,16
cabai,561,1320,29
cabai,794,1823,27
bayam,1929,1394,22
bayam,1272,1750,20
stroberi,1408,635,17
cabai,1062,1446,25
stroberi,1221,683,18
kentang,2242,3289,16
cabai,375,1286,18
stroberi,1050,622,18
cabai,159,1612,19
kentang,2127,3366,19
bayam,1605,1831,29
cabai,1351,1683,22
cabai,866,1209,20
bayam,687,1683,30
stroberi,1372,675,18
jambu air,156,2815,21
kentang,404,2763,21
jambu air,468,1231,16
bayam,1739,1473,24
stroberi,1329,623,18
kentang,1740,2556,24
jambu air,343,1000,10
bayam,486,1029,30
kentang,1882,2917,23
stroberi,1225,649,20
jambu air,19,637,16
bayam,351,1468,21
kentang,2224,2564,21
stroberi,1375,608,17
bayam,478,1994,30
bayam,770,1349,27
bayam,1966,1634,20
cabai,538,1767,28
stroberi,1244,621,19
jambu air,320,2178,27
bayam,1982,1853,29
jambu air,404,1730,26
jambu air,446,2097,25
kentang,2004,3182,20
jambu air,422,2547,18
kentang,1826,2990,17
stroberi,1434,673,18
jambu air,18,604,15
cabai,1018,1931,18
jambu air,454,2506,23
bayam,1266,1420,28
cabai,407,801,24
bayam,908,1418,25
cabai,180,1497,23
kentang,2664,3083,16
jambu air,96,984,12
jambu air,443,752,18
stroberi,1440,613,18
bayam,1124,1585,20
bayam,1105,1777,29
jambu air,161,2093,21
jambu air,329,2375,13
bayam,985,1176,24
bayam,895,1408,24
cabai,1246,923,19
jambu air,171,2632,17
bayam,1605,1323,25
stroberi,1313,648,18
jambu air,344,858,14
kentang,367,2470,16
bayam,1087,1280,28
stroberi,1407,666,17
jambu air,126,2029,20
jambu air,493,1522,14
cabai,1347,1371,24
cabai,1369,911,28
stroberi,1303,675,19
cabai,1395,1317,18
jambu air,21,1892,27
jambu air,419,2840,24
cabai,770,899,22
bayam,195,1062,21
stroberi,1221,615,19
kentang,645,3155,13
bayam,1471,1947,22
jambu air,314,1131,18
bayam,565,1911,23
jambu air,215,1505,20
jambu air,273,682,10
cabai,585,1030,28
kentang,2556,2680,24
bayam,1459,1739,20
stroberi,1183,638,18
jambu air,497,1850,25
cabai,278,1267,26
stroberi,1160,604,17
kentang,773,2788,19
cabai,311,1281,26
jambu air,136,2064,27
cabai,677,1001,29
kentang,402,3560,18
bayam,20,1955,20
jambu air,248,915,13
cabai,490,1981,24
cabai,1300,1946,18
bayam,781,1546,20
cabai,206,1786,23
stroberi,1083,618,17
jambu air,307,1212,20
bayam,1815,1926,23
jambu air,319,1549,19
cabai,958,1998,19
bayam,1966,1372,24
jambu air,189,1300,19
kentang,2825,2752,13
stroberi,1134,641,19
jambu air,471,705,25
jambu air,385,2512,12
jambu air,7,2620,20
stroberi,1194,607,18
stroberi,1204,624,17
stroberi,1095,655,18
kentang,2584,2485,18
jambu air,392,663,15
bayam,526,1115,30
stroberi,1249,650,18
bayam,1383,1527,24
stroberi,1182,671,17
cabai,1192,1794,23
cabai,535,1540,26
stroberi,1032,640,20
kentang,2166,3116,18
kentang,420,2807,24
cabai,1271,989,30
jambu air,286,1639,28
jambu air,492,872,11
kentang,2704,2880,19
kentang,1028,2569,17
cabai,897,898,18
kentang,2811,2807,24
stroberi,1453,628,20
cabai,428,854,22
bayam,917,1883,28
bayam,1396,1216,22
stroberi,1290,623,18
kentang,631,2831,16
stroberi,1441,604,17
cabai,437,1956,24
kentang,2933,3011,22
kentang,1904,3183,14
cabai,506,1010,30
cabai,1170,1291,18
kentang,1431,3263,24
cabai,1171,918,30
cabai,70,1308,28
kentang,2252,3324,13
bayam,1377,1617,29
bayam,1577,1847,22
stroberi,1005,607,20
jambu air,441,1003,13
jambu air,388,2444,15
kentang,910,2556,16
jambu air,227,2367,24
cabai,626,1155,24
bayam,327,1342,29
kentang,1540,2847,19
bayam,1027,1247,27
cabai,1108,955,24
jambu air,317,1820,12
bayam,848,1560,22
jambu air,209,1722,22
cabai,845,898,26
cabai,123,1835,26
cabai,715,1196,22
jambu air,368,2568,10
stroberi,1214,612,20
jambu air,252,2408,19
kentang,2235,3258,22
cabai,1156,1534,29
jambu air,54,2258,18
bayam,1661,1054,20
bayam,1917,1328,21
cabai,924,1520,23
bayam,403,1538,20
stroberi,1159,646,17
jambu air,222,1796,11
kentang,2008,2866,14
bayam,1726,1664,20
bayam,1258,1438,23
bayam,840,1220,22
cabai,444,1064,19
stroberi,1093,671,19
stroberi,1107,604,17
bayam,459,1792,29
jambu air,111,2564,11
stroberi,1054,677,18
jambu air,125,830,16
jambu air,372,698,23
bayam,1485,1379,26
jambu air,289,515,20
stroberi,1010,647,19
kentang,1755,3071,22
jambu air,211,1182,17
kentang,973,3130,18
cabai,1180,1513,21
stroberi,1496,663,17
jambu air,312,2895,24
cabai,722,1679,19
jambu air,257,1946,25
stroberi,1478,625,18
cabai,1229,986,29
kentang,355,2463,20
kentang,1442,2945,23
cabai,802,858,29
kentang,1886,3214,24
bayam,572,1903,23
stroberi,1218,679,18
bayam,1571,1217,24
kentang,2977,3068,19
kentang,1144,2742,22
jambu air,44,679,12
bayam,1109,1826,29
bayam,1011,1467,25
kentang,2157,2402,17
stroberi,1332,658,20
kentang,2838,3002,13
kentang,2046,3162,23
cabai,1017,1502,21
jambu air,35,1694,14
stroberi,1231,683,19
kentang,2140,2630,13
bayam,1112,1676,21
stroberi,1329,698,19
cabai,225,1290,29
jambu air,205,771,26
cabai,937,1360,18
stroberi,1159,614,17
bayam,909,1032,30
cabai,571,1441,29
stroberi,1093,674,17
stroberi,1035,636,19
bayam,1430,1210,28
cabai,651,1108,28
kentang,353,2860,13
stroberi,1197,688,18
bayam,1672,1244,29
cabai,376,1951,30
kentang,411,3535,22
kentang,360,2551,21
jambu air,452,2308,26
stroberi,1381,619,17
cabai,75,1140,19
bayam,1438,1588,29
stroberi,1470,687,17
bayam,1425,1658,29
jambu air,325,2450,20
kentang,1537,3533,14
stroberi,1136,606,18
stroberi,1484,622,20
kentang,1098,2413,21
stroberi,1050,688,17
stroberi,1321,658,20
kentang,2279,3165,23
cabai,1137,883,26
kentang,1891,2668,18
cabai,779,1407,23
kentang,909,3328,22
cabai,815,1450,30
cabai,1389,1733,19
kentang,1553,3162,19
jambu air,455,1042,18
cabai,462,1981,26
cabai,249,1705,21
bayam,1875,1538,22
jambu air,227,1712,13
stroberi,1333,682,19
stroberi,1032,676,17
kentang,785,2755,15
stroberi,1235,600,19
stroberi,1129,659,17
jambu air,241,1111,20
bayam,635,1832,22
kentang,1466,3033,13
stroberi,1475,667,19
cabai,1106,1407,24
cabai,440,1973,20
kentang,1814,3168,22
cabai,12,1997,19
kentang,400,2604,15
stroberi,1119,687,17
bayam,19,1004,25
kentang,983,3384,18
kentang,2759,3282,19
jambu air,48,2935,20
kentang,1145,2877,15
stroberi,1248,664,20
kentang,695,3430,18
bayam,292,1352,30
cabai,520,823,20
kentang,1794,3379,15
bayam,1061,1766,29
cabai,533,1834,30
jambu air,451,2249,28
bayam,445,1965,21
jambu air,361,1935,11
jambu air,172,2344,16
cabai,871,1206,22
kentang,2348,3351,23
jambu air,348,1105,19
kentang,1345,2740,24
jambu air,180,1309,19
bayam,1345,1810,29
kentang,2247,3118,23
stroberi,1358,654,17
bayam,315,1739,27
stroberi,1237,603,18
cabai,501,1437,27
bayam,216,1487,22
cabai,1114,1102,20
bayam,827,1960,23
bayam,1297,1524,27
kentang,1783,3034,24
jambu air,179,2692,15
bayam,644,1083,24
cabai,1326,1518,26
bayam,1212,1876,21
stroberi,1227,624,19
kentang,2964,3408,15
kentang,1755,3076,20
cabai,380,1547,24
bayam,971,1794,21
stroberi,1308,617,20
cabai,359,1710,24
stroberi,1276,693,19
kentang,302,2437,18
jambu air,472,916,12
stroberi,1194,624,19
stroberi,1305,619,20
kentang,1042,2420,18
cabai,1009,1127,29
cabai,1016,1511,22
cabai,833,829,24
stroberi,1243,630,20
stroberi,1034,611,17
cabai,273,1421,22
kentang,2888,3563,19
kentang,2727,2876,13
kentang,465,3254,22
cabai,380,1218,26
bayam,429,1080,22
cabai,32,1559,24
stroberi,1031,621,18
cabai,906,802,22
bayam,1560,1734,26
cabai,388,1549,27
stroberi,1201,696,17
bayam,1418,1789,25
cabai,1311,1042,18
jambu air,110,2385,26
kentang,1747,3527,13
stroberi,1191,644,18
kentang,2793,3098,14
cabai,1032,1895,25
stroberi,1092,695,18
cabai,373,1155,20
jambu air,214,1970,16
jambu air,67,1406,25
cabai,1390,1051,18
stroberi,1296,693,20
cabai,435,808,20
bayam,896,1936,26
cabai,1172,1025,19
kentang,815,2528,14
bayam,767,1007,29
stroberi,1053,696,20
stroberi,1017,675,18
cabai,895,1427,29
cabai,1048,1167,29
stroberi,1217,674,19
bayam,1769,1096,24
stroberi,1187,636,19
cabai,1163,985,27
jambu air,461,2756,10
stroberi,1292,680,20
stroberi,1209,625,19
kentang,2095,2650,18
kentang,2633,2896,22
stroberi,1112,653,17
bayam,452,1417,20
jambu air,148,1940,27
cabai,1260,1922,18
cabai,850,883,30
jambu air,444,1509,28
kentang,621,3237,22
bayam,97,1155,23
stroberi,1371,625,17
jambu air,7,2071,11
jambu air,74,2402,16
kentang,1003,3037,15
stroberi,1197,608,20
jambu air,257,508,26
kentang,1284,2908,24
jambu air,83,1205,24
jambu air,57,1153,25
cabai,1097,1038,21
jambu air,112,2706,25
jambu air,500,1715,12
bayam,1186,1198,29
jambu air,352,2018,24
jambu air,130,1281,19
kentang,2143,3579,17
bayam,1775,1156,24
kentang,845,3017,14
cabai,471,1025,18
bayam,1226,1534,28
kentang,1568,2700,21
jambu air,283,2199,11
bayam,652,1321,28
cabai,29,1341,22
jambu air,387,1772,11
jambu air,185,2133,27
jambu air,499,1584,22
jambu air,44,1669,13
kentang,2194,2585,14
cabai,1087,1525,27
jambu air,351,2851,16
kentang,2838,2876,23
bayam,1016,1072,26
kentang,760,3069,15
jambu air,50,2414,26
jambu air,24,1769,23
kentang,704,3191,18
cabai,59,969,21
stroberi,1204,615,18
kentang,1913,3380,18
bayam,1702,1640,21
kentang,2451,3550,13
cabai,784,1327,22
cabai,804,1955,20
bayam,1689,1870,23
kentang,946,2912,13
jambu air,228,2716,17
kentang,2400,2595,18
cabai,1169,1573,22
cabai,910,1426,19
bayam,294,1830,28
bayam,406,1030,27
cabai,870,853,19
cabai,210,1592,25
cabai,57,990,21
kentang,2153,2909,17
stroberi,1235,672,19
stroberi,1257,630,19
bayam,1131,1150,20
kentang,1800,2719,22
bayam,1303,1466,20
kentang,1688,2494,23
stroberi,1135,606,19
kentang,1898,3479,17
jambu air,480,814,17
jambu air,302,908,27
bayam,343,1548,26
bayam,1770,1734,29
jambu air,79,2258,24
stroberi,1118,628,20
kentang,2625,2491,23
jambu air,169,2789,25
kentang,1330,3229,17
jambu air,413,2321,12
stroberi,1266,636,19
jambu air,390,2915,23
stroberi,1431,679,20
bayam,1454,1783,20
jambu air,340,580,25
stroberi,1271,634,19
jambu air,51,2200,16
stroberi,1476,611,18
jambu air,196,2046,15
jambu air,312,2109,26
cabai,5,1512,23
stroberi,1129,634,19
jambu air,224,948,22
cabai,458,802,22
stroberi,1208,654,20
cabai,298,1568,23
jambu air,447,1782,19
stroberi,1459,654,17
jambu air,227,1918,27
bayam,1210,1094,29
jambu air,409,585,17
cabai,714,1315,30
cabai,216,1488,30
stroberi,1354,650,20
stroberi,1247,649,17
cabai,527,859,23
kentang,1856,3491,14
cabai,113,1491,26
cabai,322,1746,23
kentang,1758,2995,13
kentang,1157,3124,22
stroberi,1343,641,18
cabai,706,1999,27
stroberi,1028,604,19
jambu air,119,786,21
stroberi,1303,649,20
cabai,1280,1136,19
stroberi,1071,623,20
jambu air,348,885,17
kentang,2407,3191,20
cabai,446,871,19
kentang,2708,2604,15
kentang,2625,2758,21
stroberi,1464,656,19
jambu air,275,931,20
jambu air,494,1266,10
bayam,1737,1022,24
kentang,2674,3360,13
cabai,559,1865,25
jambu air,211,878,10
stroberi,1302,621,19
bayam,670,1806,21
jambu air,123,2983,12
kentang,627,2662,15
cabai,132,1334,25
bayam,1315,1839,22
kentang,2456,3560,16
stroberi,1280,658,19
jambu air,408,2550,11
cabai,369,1574,22
bayam,1675,1935,20
cabai,335,1017,21
kentang,2887,2928,19
kentang,2186,3320,22
kentang,617,3581,14
bayam,1061,1229,20
cabai,1247,1437,20
jambu air,448,510,19
bayam,380,1450,28
cabai,121,1344,21
bayam,193,1338,29
cabai,1227,1901,29
kentang,1739,2703,20
jambu air,304,1379,11
stroberi,1389,624,20
kentang,1013,2800,14
kentang,944,2655,14
jambu air,102,696,23
bayam,776,1950,20
cabai,270,1375,24
jambu air,88,2650,19
bayam,78,1032,21
kentang,776,2684,22
kentang,999,2568,14
jambu air,297,857,27
bayam,893,1072,21
bayam,480,1892,20
kentang,2259,3325,21
jambu air,42,1688,15
cabai,107,1624,23
jambu air,329,2807,23
kentang,1230,3228,16
kentang,717,3305,15
jambu air,151,1756,17
jambu air,455,2815,21
jambu air,317,1283,17
kentang,619,2797,17
kentang,1854,3154,17
stroberi,1053,641,19
stroberi,1254,664,19
cabai,278,1340,20
cabai,780,1699,19
bayam,1502,1226,22
bayam,1663,1883,29
bayam,126,1036,30
jambu air,475,2537,19
jambu air,23,2810,19
stroberi,1286,678,20
bayam,285,1017,23
stroberi,1292,662,19
stroberi,1308,611,18
cabai,515,1430,19
bayam,502,1419,23
stroberi,1144,633,19
stroberi,1268,677,18
cabai,819,1905,26
stroberi,1174,652,18
bayam,1909,1959,25
kentang,2915,2563,20
cabai,789,1781,19
jambu air,52,1536,13
kentang,1431,3352,19
cabai,970,836,27
bayam,1066,1936,25
kentang,2834,2431,21
bayam,668,1739,21
stroberi,1207,655,17
jambu air,218,2142,21
cabai,1326,1406,26
cabai,1099,1679,30
stroberi,1030,688,19
jambu air,170,2890,18
cabai,451,1811,20
kentang,2892,2938,19
stroberi,1489,677,18
bayam,1258,1456,25
stroberi,1204,631,20
bayam,400,1946,20
jambu air,470,2870,13
bayam,1828,1750,30
kentang,538,3424,22
bayam,992,1660,28
bayam,269,1170,29
jambu air,317,834,19
jambu air,50,1167,23
cabai,100,1653,19
jambu air,340,683,11
bayam,565,1177,21
jambu air,247,1792,13
bayam,264,1657,25
stroberi,1490,628,18
cabai,547,1817,23
kentang,595,2928,24
bayam,1328,1256,25
bayam,1689,1142,30
kentang,2209,3084,18
stroberi,1290,605,20
bayam,1624,1510,29
jambu air,30,2275,10
jambu air,329,1906,22
jambu air,72,1043,27
jambu air,427,2135,26
kentang,1333,2552,22
jambu air,38,826,15
bayam,197,1512,21
stroberi,1185,609,20
jambu air,471,1745,22
kentang,607,3262,16
jambu air,54,1335,15
stroberi,1489,658,17
kentang,2964,3100,20
jambu air,486,2042,17
cabai,1240,1482,22
jambu air,349,2716,24
kentang,1241,3259,16
kentang,2711,3055,16
cabai,170,1631,28
cabai,20,1975,18
cabai,1196,1585,20
cabai,800,1752,26
kentang,2166,2887,24
bayam,1473,1025,30
cabai,637,1508,23
bayam,636,1576,24
stroberi,1458,616,20
kentang,2564,2520,21
bayam,170,1027,20
kentang,1892,3412,19
cabai,812,1570,18
bayam,1464,1661,28
stroberi,1285,674,18
bayam,1868,1327,22
kentang,2396,3477,23
jambu air,28,603,20
bayam,1371,1030,30
jambu air,370,670,15
stroberi,1304,616,19
stroberi,1207,659,19
jambu air,167,1360,13
kentang,2300,2676,15
jambu air,380,992,18
bayam,943,1500,20
kentang,1717,3115,19
bayam,1461,1776,22
bayam,1107,1198,28
cabai,1279,1558,26
cabai,492,1461,19
stroberi,1283,628,20
stroberi,1004,693,17
jambu air,226,900,27
cabai,418,1026,26
stroberi,1361,642,17
bayam,1215,1668,23
cabai,137,831,26
bayam,539,1271,24
jambu air,171,2526,12
cabai,234,1471,27
bayam,1980,1234,26
cabai,1070,1973,23
bayam,449,1368,21
bayam,1538,1821,25
cabai,683,1903,21
stroberi,1277,671,20
kentang,616,3006,24
cabai,430,1552,18
bayam,1951,1383,24
jambu air,217,1165,12
jambu air,404,2440,18
cabai,1127,1796,24
jambu air,252,2290,21
cabai,1375,1851,27
stroberi,1072,655,20
stroberi,1021,627,19
cabai,454,1645,18
cabai,276,1157,24
kentang,2105,3051,22
cabai,677,843,19
kentang,2706,3489,14
bayam,1197,1743,24
jambu air,288,758,26
kentang,1304,3063,18
jambu air,297,1685,11
jambu air,266,1893,28
stroberi,1077,621,17
jambu air,45,1325,10
cabai,806,1010,26
cabai,66,1119,25
kentang,1195,2464,16
bayam,679,1237,29
stroberi,1376,601,17
cabai,1298,1445,29
bayam,1191,1579,25
kentang,1926,2718,15
cabai,66,1100,27
cabai,877,1931,27
bayam,1707,1807,20
bayam,1007,1473,24
cabai,55,1395,29
kentang,2959,3503,19
jambu air,299,1626,19
kentang,658,3072,15
jambu air,130,2758,23
stroberi,1489,691,19
jambu air,257,1938,14
kentang,2603,3105,21
cabai,751,1912,20
stroberi,1194,626,20
kentang,2446,2600,17
kentang,2561,2688,22
bayam,160,1616,25
jambu air,108,1036,12
stroberi,1088,632,17
bayam,549,1698,29
kentang,1166,2795,24
stroberi,1344,636,19
kentang,2477,3060,13
stroberi,1197,682,19
stroberi,1117,616,17
cabai,1097,936,27
jambu air,14,2937,20
jambu air,120,2543,11
bayam,1136,1808,23
cabai,535,801,26
cabai,1041,855,24
jambu air,428,2995,18
bayam,1246,1113,28
stroberi,1085,698,19
kentang,2669,3183,15
bayam,1665,1657,28
stroberi,1192,602,20
stroberi,1307,601,17
stroberi,1068,622,19
kentang,1717,2803,13
cabai,737,1073,26
stroberi,1135,601,20
kentang,2660,3279,13
kentang,1015,3446,21
cabai,360,984,25
bayam,632,1453,22
stroberi,1034,632,17
bayam,670,1198,23
stroberi,1122,651,19
kentang,2860,3249,22
kentang,1561,3147,15
cabai,626,829,21
bayam,26,1219,27
kentang,2538,2742,21
bayam,1154,1421,20
kentang,815,2693,14
stroberi,1087,665,19
kentang,618,3502,15
stroberi,1302,684,18
jambu air,289,2595,16
cabai,600,1960,28
stroberi,1220,667,20
cabai,482,1597,23
kentang,778,3586,23
bayam,1013,1807,22
bayam,1796,1137,24
bayam,426,1767,20
stroberi,1324,637,19
kentang,1446,2934,17
cabai,1040,991,19
kentang,1522,3048,17
kentang,2290,2764,22
cabai,248,1503,30
stroberi,1012,687,18
jambu air,251,1036,18
bayam,862,1744,27
stroberi,1169,620,19
kentang,1650,3332,16
jambu air,87,1404,26
cabai,1217,1518,23
cabai,539,1247,25
cabai,701,1390,26
stroberi,1066,630,17
cabai,1010,1579,18
cabai,1378,1174,21
stroberi,1179,602,18
jambu air,120,1535,18
jambu air,38,813,14
stroberi,1161,675,20
jambu air,367,1699,21
stroberi,1020,653,18
stroberi,1026,601,19
bayam,1477,1671,25
jambu air,20,1376,28
cabai,495,1080,25
cabai,275,1415,30
bayam,1141,1963,24
bayam,1045,1959,22
bayam,1284,1313,30
kentang,1232,2668,15
jambu air,423,2665,15
bayam,597,1800,25
kentang,2154,3412,20
kentang,2011,3420,20
jambu air,226,2860,25
stroberi,1383,665,20
bayam,331,1078,25
cabai,718,1576,19
stroberi,1262,665,20
cabai,537,971,28
kentang,1735,2454,24
kentang,339,2915,19
cabai,1034,1688,18
jambu air,64,1972,21
cabai,1307,1133,20
bayam,1988,1232,26
bayam,1581,1008,20
kentang,689,3200,20
cabai,1090,1034,23
stroberi,1210,662,18
bayam,462,1587,26
kentang,2643,2493,15
stroberi,1157,615,19
cabai,1276,928,21
bayam,587,1890,29
jambu air,82,2956,15
bayam,769,1623,24
bayam,1626,1645,22
stroberi,1215,660,19
jambu air,238,2985,20
bayam,891,1529,24
stroberi,1250,617,19
bayam,1132,1238,25
bayam,1204,1993,29
kentang,768,2440,14
stroberi,1103,610,18
stroberi,1051,623,17
kentang,2996,3258,23
jambu air,136,646,15
bayam,1970,1376,22
bayam,167,1280,24
stroberi,1459,602,19
cabai,1312,1698,26
kentang,2867,2406,21
jambu air,160,1665,26
stroberi,1497,606,20
jambu air,228,1049,23
cabai,1131,1241,30
kentang,777,2842,13
bayam,1103,1042,25
bayam,1471,1651,20
jambu air,164,1807,19
jambu air,255,2367,10
bayam,1249,1822,20
cabai,1013,1826,22
bayam,559,1482,20
bayam,958,1317,22
cabai,906,1809,19
kentang,2004,3532,21
stroberi,1207,644,20
kentang,948,2617,23
cabai,178,897,29
kentang,518,2771,13
bayam,979,1150,22
bayam,1551,1100,26
jambu air,86,1685,10
stroberi,1439,611,18
cabai,564,1575,23
jambu air,7,2509,18
cabai,145,1729,21
bayam,341,1223,23
kentang,479,2867,19
bayam,730,1231,26
bayam,1003,1517,26
cabai,55,1821,30
kentang,2939,2938,17
jambu air,130,2138,28
stroberi,1452,670,20
jambu air,17,1391,11
cabai,827,1578,19
stroberi,1428,606,18
jambu air,177,1211,24
kentang,2026,2485,23
kentang,1434,3450,19
kentang,1411,3300,23
kentang,2118,2898,19
kentang,988,2737,19
kentang,2697,3114,24
cabai,1305,1468,20
jambu air,392,2991,20
stroberi,1055,688,19
jambu air,288,1117,23
jambu air,486,2365,17
stroberi,1241,625,20
jambu air,222,1698,25
cabai,377,982,22
cabai,1093,1397,25
kentang,428,3328,24
stroberi,1430,626,20
jambu air,197,1238,17
bayam,1673,1673,29
cabai,581,1186,20
bayam,1403,1728,21
bayam,1882,1311,21
cabai,1286,1853,29
kentang,1464,3541,21
kentang,2751,2708,16
bayam,1645,1161,24
kentang,2426,3209,19
cabai,254,1228,20
cabai,1292,1540,25
jambu air,71,1739,11
bayam,1710,1862,21
stroberi,1466,625,17
stroberi,1391,635,17
bayam,1411,1067,27
jambu air,323,2001,28
stroberi,1018,648,17
jambu air,288,771,21
bayam,1993,1240,25
bayam,315,1175,28
kentang,2827,3144,21
kentang,1061,3071,16
stroberi,1122,620,18
kentang,2309,2458,19
cabai,1126,855,30
stroberi,1318,683,20
stroberi,1439,695,18
bayam,869,1045,22
bayam,1316,1886,22
kentang,2215,2860,14
jambu air,21,545,12
jambu air,385,2751,25
kentang,2810,3593,16
kentang,956,2620,20
cabai,556,1639,24
stroberi,1135,630,18
kentang,682,2693,18
bayam,1003,1056,26
cabai,627,1747,21
stroberi,1234,681,18
bayam,1664,1681,21
jambu air,497,1636,27
bayam,1600,1837,20
bayam,759,1897,26
jambu air,188,1395,15
cabai,797,1105,19
jambu air,401,1280,16
stroberi,1317,624,20
kentang,2581,2572,15
stroberi,1134,626,20
stroberi,1490,658,19
bayam,234,1182,24
kentang,691,3333,16
bayam,134,1280,27
stroberi,1141,681,20
bayam,9,1073,24
cabai,421,1944,29
bayam,1277,1743,25
jambu air,465,2159,28
bayam,703,1986,23
bayam,1052,1263,30
jambu air,254,1063,12
stroberi,1045,650,20
kentang,1516,3155,22
bayam,1799,1655,25
stroberi,1467,625,20
jambu air,37,2253,11
bayam,1400,1116,28
kentang,766,2970,24
bayam,1645,1061,22
cabai,811,1445,27
stroberi,1260,636,20
stroberi,1123,671,17
bayam,1292,1354,23
jambu air,346,1498,24
bayam,362,1331,23
jambu air,472,1398,19
stroberi,1327,621,17
jambu air,281,675,28
bayam,479,1610,30
kentang,1041,2780,16
jambu air,102,2237,25
jambu air,31,2836,12
cabai,349,970,30
stroberi,1155,634,20
cabai,618,1131,29
bayam,1883,1721,27
jambu air,30,1592,26
stroberi,1373,634,18
kentang,2972,3044,14
bayam,470,1170,29
stroberi,1074,659,18
cabai,324,987,20
cabai,1196,923,29
cabai,686,1283,22
bayam,350,1051,28
kentang,1786,2590,18
jambu air,22,2516,17
jambu air,245,1682,20
jambu air,492,1530,22
bayam,812,1027,27
kentang,2578,3154,19
stroberi,1374,627,17
stroberi,1155,682,18
cabai,919,1835,24
bayam,946,1845,23
cabai,1192,1104,25
jambu air,124,1880,20
jambu air,242,766,11
jambu air,36,2274,17
cabai,918,1059,22
stroberi,1056,605,19
jambu air,16,1736,19
cabai,404,1359,26
bayam,914,1248,23
cabai,689,825,26
cabai,1370,1135,22
stroberi,1019,606,19
stroberi,1083,681,17
stroberi,1270,619,17
stroberi,1255,685,20
cabai,378,1027,20
bayam,862,1601,30
cabai,1336,1753,28
kentang,1498,3464,13
stroberi,1348,644,20
cabai,19,1640,27
bayam,61,1394,29
jambu air,274,662,11
kentang,658,3204,22
cabai,959,926,27
jambu air,23,1967,27
jambu air,341,1875,23
jambu air,459,2176,13
jambu air,401,1818,11
bayam,255,1143,21
bayam,243,1172,26
cabai,392,1519,25
jambu air,60,2767,25
bayam,1174,1385,24
cabai,1380,1375,28
kentang,2045,3358,19
jambu air,185,2219,15
cabai,118,1606,20
cabai,671,1255,30
kentang,2955,3068,19
kentang,2215,3561,20
kentang,1219,3139,16
jambu air,254,1906,16
bayam,1989,1936,21
stroberi,1225,671,19
jambu air,176,2562,21
bayam,313,1418,20
kentang,313,3342,14
cabai,329,1508,19
stroberi,1045,663,19
jambu air,116,1457,15
jambu air,496,1196,24
bayam,1959,1247,29
jambu air,224,2018,25
stroberi,1241,647,18
stroberi,1232,674,18
bayam,485,1447,25
stroberi,1008,614,18
jambu air,150,1356,10
bayam,290,1030,27
jambu air,336,1962,25
jambu air,379,841,17
cabai,603,815,24
bayam,1467,1603,28
cabai,331,1292,19
cabai,652,1263,26
bayam,127,1923,21
stroberi,1405,610,20
jambu air,359,2351,25
bayam,29,1208,25
stroberi,1007,617,19
kentang,2428,3146,14
kentang,349,2733,23
cabai,217,1705,30
cabai,446,1282,22
stroberi,1402,653,19
jambu air,264,1986,20
jambu air,43,707,26
kentang,1929,3149,23
jambu air,66,2782,10
jambu air,390,1470,23
kentang,849,3574,23
stroberi,1123,612,20
kentang,1396,3206,17
jambu air,280,2031,20
jambu air,197,709,22
kentang,2089,2414,21
bayam,736,1555,22
kentang,1835,2692,23
jambu air,456,2721,16
kentang,1321,3398,15
cabai,1190,894,20
stroberi,1218,678,18
stroberi,1340,623,19
stroberi,1337,613,20
bayam,1699,1233,27
jambu air,410,2244,27
jambu air,230,1386,19
bayam,383,1152,20
cabai,230,1218,24
bayam,1301,1419,30
kentang,2463,2946,15
kentang,2135,2563,17
bayam,1450,1087,27
jambu air,463,1962,12
cabai,1198,1852,23
kentang,1703,3027,14
kentang,1747,3564,13
cabai,1303,1580,19
jambu air,195,2856,17
bayam,1895,1422,26
stroberi,1277,651,17
bayam,906,1720,25
jambu air,111,1115,10
bayam,1288,1760,30
kentang,837,2638,14
cabai,1318,1181,25
bayam,1250,1058,22
bayam,1470,1368,20
bayam,115,1702,24
bayam,582,1512,28
bayam,1473,1172,28
jambu air,24,1791,18
bayam,511,1860,21
cabai,1253,1122,21
kentang,2192,3225,17
jambu air,104,1556,18
jambu air,486,1712,26
kentang,2289,2908,24
jambu air,249,1561,19
kentang,2968,3436,23
cabai,1005,1036,22
jambu air,479,2023,15
stroberi,1465,656,19
stroberi,1276,616,18
kentang,1344,3461,14
jambu air,395,1751,18
cabai,52,1307,25
kentang,1171,3117,17
kentang,1775,3127,21
jambu air,444,2243,13
jambu air,126,1668,16
bayam,1259,1305,22
stroberi,1083,652,19
cabai,340,1786,18
jambu air,446,2512,27
cabai,947,1363,25
stroberi,1406,687,17
stroberi,1143,654,17
cabai,1317,1008,20
kentang,1462,2438,23
kentang,1036,2943,18
stroberi,1331,613,20
jambu air,425,1644,28
jambu air,179,1910,10
stroberi,1340,699,18
kentang,2127,2979,14
kentang,522,2978,17
cabai,1271,1225,18
bayam,326,1903,26
jambu air,300,2308,23
cabai,1010,1881,21
kentang,1591,3213,23
jambu air,71,1750,25
bayam,1287,1008,21
kentang,2074,3500,23
cabai,1213,1356,26
kentang,2709,3093,20
cabai,1208,1866,28
bayam,331,1151,29
jambu air,87,2311,15
bayam,891,1659,29
bayam,1347,1524,29
stroberi,1123,653,17
jambu air,142,2647,26
stroberi,1165,604,18
bayam,1123,1579,25
jambu air,395,847,25
bayam,1243,1660,24
bayam,207,1538,29
bayam,799,1829,30
cabai,314,1165,22
stroberi,1179,696,17
bayam,1800,1631,27
cabai,172,1378,28
kentang,1876,2767,13
bayam,771,1832,27
kentang,2363,3034,14
cabai,574,1988,29
cabai,333,1971,30
bayam,484,1319,20
kentang,1760,3418,13
jambu air,428,2192,17
stroberi,1204,659,18
jambu air,29,1642,13
bayam,1657,1438,28
kentang,2307,2444,15
bayam,209,1888,30
kentang,1054,3549,21
jambu air,474,2434,16
cabai,592,1583,21
stroberi,1181,678,20
stroberi,1438,655,18
bayam,676,1266,30
bayam,1111,1371,24
jambu air,31,996,28
jambu air,114,2270,13
cabai,534,1477,23
bayam,316,1721,28
bayam,421,1762,21
bayam,1362,1749,26
kentang,2934,2992,17
jambu air,150,2349,19
kentang,614,2823,14
jambu air,78,534,16
kentang,2888,2453,17
cabai,541,1849,20
bayam,405,1988,22
bayam,351,1892,24
kentang,2250,3465,22
jambu air,126,1402,22
stroberi,1303,699,18
jambu air,130,1282,27
jambu air,136,1980,24
bayam,1147,1975,24
jambu air,41,2614,12
bayam,169,1239,20
stroberi,1459,657,19
stroberi,1307,639,20
kentang,785,2678,18
stroberi,1179,641,19
kentang,1564,3351,16
jambu air,271,937,15
bayam,957,1141,27
stroberi,1150,655,19
cabai,1137,1423,23
jambu air,65,552,12
cabai,1115,1360,19
bayam,739,1978,25
bayam,1606,1109,29
kentang,894,3594,16
cabai,33,1953,26
bayam,14,1465,28
bayam,1840,1031,26
kentang,2926,2856,15
stroberi,1182,620,19
jambu air,74,1652,13
cabai,1135,1399,30
cabai,818,1091,23
cabai,830,1316,19
jambu air,15,1187,23
jambu air,102,654,22
bayam,845,1259,20
kentang,1509,2554,13
stroberi,1459,647,18
kentang,980,2956,14
jambu air,341,877,18
stroberi,1015,661,18
stroberi,1109,652,18
jambu air,328,2303,23
stroberi,1386,646,18
kentang,2877,2569,21
jambu air,48,2426,10
kentang,2894,2843,16
bayam,578,1111,23
kentang,2688,3466,23
cabai,131,1533,24
cabai,291,1560,22
jambu air,107,1044,22
kentang,1535,3020,13
bayam,794,1962,27
stroberi,1285,646,18
kentang,2737,3400,18
jambu air,222,1052,22
jambu air,333,1648,28
kentang,648,2664,21
cabai,777,1393,19
bayam,519,1877,21
stroberi,1261,607,17
bayam,1721,1439,26
bayam,860,1427,22
bayam,381,1632,27
jambu air,143,2615,17
stroberi,1141,689,20
kentang,1431,3080,21
kentang,585,3530,20
bayam,280,1129,23
bayam,1697,1627,22
cabai,474,1555,30
cabai,1174,1362,20
stroberi,1118,677,18
kentang,505,2695,15
kentang,1206,2706,17
bayam,979,1682,26
cabai,1139,1140,26
cabai,974,1352,18
kentang,728,3548,13
jambu air,403,840,13
stroberi,1132,619,20
jambu air,433,1941,10
cabai,646,1311,25
bayam,428,1331,21
bayam,1832,1672,29
stroberi,1339,618,17
stroberi,1059,613,18
kentang,1751,2922,24
kentang,362,3243,13
bayam,72,1827,27
cabai,13,1183,23
kentang,2708,3270,24
bayam,723,1377,29
cabai,1176,977,20
jambu air,385,1164,11
bayam,1467,1989,28
cabai,119,961,30
cabai,557,1743,21
stroberi,1239,645,19
cabai,937,1987,27
stroberi,1067,683,19
stroberi,1138,642,20
stroberi,1178,631,18
jambu air,480,2881,18
kentang,2498,3270,18
jambu air,344,686,10
bayam,973,1219,28
cabai,1194,1123,29
cabai,426,1072,23
kentang,658,2687,17
kentang,1700,3044,16
cabai,578,1830,29
kentang,1144,2415,24
jambu air,166,1856,20
cabai,999,858,24
bayam,1318,1892,23
jambu air,91,1323,26
kentang,1303,2727,20
bayam,1778,1123,29
cabai,95,1751,28
stroberi,1431,673,18
bayam,310,1371,30
bayam,232,1193,20
kentang,2447,3005,13
stroberi,1040,638,19
jambu air,131,1638,17
bayam,439,1789,26
bayam,1150,1998,28
bayam,1660,1052,26
stroberi,1140,629,20
kentang,852,2834,22
bayam,1151,1700,23
cabai,308,1532,27
jambu air,430,1234,19
kentang,1152,2985,16
stroberi,1446,618,17
stroberi,1195,644,20
bayam,509,1130,26
bayam,404,1886,20
cabai,726,1276,30
stroberi,1377,617,19
kentang,2488,2414,16
jambu air,322,932,20
jambu air,277,1451,28
stroberi,1077,633,19
cabai,226,1289,24
bayam,1781,1896,27
bayam,321,1913,27
cabai,589,1450,28
cabai,477,1097,30
jambu air,377,1764,24
cabai,722,1491,28
bayam,63,1395,21
cabai,63,1741,22
cabai,227,1500,19
cabai,1199,1834,26
stroberi,1434,676,20
jambu air,193,2652,28
cabai,1186,870,29
stroberi,1263,635,19
cabai,363,1903,20
cabai,846,1986,24
cabai,738,1662,27
bayam,546,1050,22
stroberi,1188,621,17
kentang,1167,2669,22
cabai,383,1693,27
cabai,722,1446,25
jambu air,161,2266,17
stroberi,1371,631,19
bayam,563,1154,20
bayam,681,1977,27
bayam,1227,1026,20
cabai,149,1001,21
bayam,45,1057,29
stroberi,1434,655,20
stroberi,1203,661,20
cabai,1355,1304,29
cabai,493,951,22
cabai,427,959,19
jambu air,60,1776,26
jambu air,264,2764,14
kentang,2322,3369,20
jambu air,71,2655,16
stroberi,1046,620,19
stroberi,1363,621,19
cabai,289,1540,29
bayam,377,1776,27
kentang,1464,3442,14
stroberi,1284,680,19
kentang,1398,2406,17
jambu air,87,2858,23
stroberi,1306,603,20
stroberi,1496,640,19
kentang,1646,3503,20
cabai,1189,1221,20
stroberi,1048,604,20
bayam,819,1367,25
kentang,409,2532,13
bayam,398,1127,26
stroberi,1429,657,19
stroberi,1409,603,18
stroberi,1245,689,17
jambu air,199,2131,12
cabai,1358,1400,29
stroberi,1428,650,20
kentang,2603,3392,23
bayam,1518,1862,22
stroberi,1045,607,17
jambu air,134,2448,27
kentang,1498,3543,23
jambu air,261,1271,18
jambu air,362,2081,21
bayam,587,1247,26
kentang,835,2680,18
bayam,733,1354,28
jambu air,144,1002,17
kentang,1888,2540,19
kentang,659,3598,18
stroberi,1364,657,20
jambu air,470,595,15
kentang,2137,2918,18
jambu air,300,647,26
kentang,2013,2974,13
bayam,1566,1758,23
cabai,970,1192,26
jambu air,57,900,25
cabai,100,1208,25
jambu air,400,2353,21
cabai,663,915,21
stroberi,1027,622,17
cabai,716,1306,21
stroberi,1061,639,20
jambu air,440,1398,17
stroberi,1292,667,19
jambu air,209,1074,28
cabai,37,1849,21
kentang,2782,3538,14
kentang,333,3155,17
cabai,783,1143,30
kentang,1080,2809,14
kentang,1305,3586,15
kentang,1003,2884,24
stroberi,1284,683,17
stroberi,1023,671,18
cabai,1135,1184,23
cabai,207,1638,21
cabai,1008,1546,19
kentang,2508,3276,18
stroberi,1202,638,20
cabai,1274,1845,29
bayam,1754,1954,21
kentang,2356,2469,13
jambu air,482,1565,28
cabai,216,1664,18
stroberi,1292,609,17
kentang,2154,3475,24
stroberi,1277,680,17
cabai,803,1015,29
cabai,476,939,24
bayam,791,1817,29
kentang,2742,3273,21
stroberi,1291,670,17
jambu air,165,2290,26
bayam,1593,1047,26
kentang,2516,2519,20
jambu air,338,1821,12
cabai,1026,1863,27
cabai,519,1945,19
stroberi,1167,616,19
kentang,687,3562,21
bayam,1098,1733,21
jambu air,53,1158,25
stroberi,1240,633,18
bayam,679,1339,30
bayam,253,1242,25
bayam,1932,1613,29
jambu air,487,2864,24
jambu air,440,2557,22
stroberi,1096,631,17
bayam,1947,1665,24
jambu air,163,2690,18
jambu air,118,2301,15
jambu air,305,2043,10
stroberi,1119,613,17
jambu air,84,2961,19
kentang,2478,2906,15
bayam,1682,1099,30
stroberi,1388,679,19
kentang,2582,3426,15
bayam,143,1846,28
bayam,1123,1960,26
jambu air,282,1344,26
jambu air,377,1519,12
jambu air,363,1961,18
stroberi,1429,671,18
stroberi,1100,631,18
kentang,2146,3329,20
cabai,899,1668,19
kentang,891,3149,13
jambu air,25,2045,26
stroberi,1059,676,19
cabai,1221,1574,25
stroberi,1044,649,18
stroberi,1258,671,18
kentang,446,2751,14
cabai,15,1876,29
kentang,1716,2856,21
jambu air,391,1506,26
kentang,1911,2544,18
cabai,1121,1563,29
stroberi,1266,651,19
cabai,352,1533,27
jambu air,450,1473,18
stroberi,1146,612,19
cabai,262,1270,25
bayam,1926,1015,29
stroberi,1482,694,19
jambu air,363,2666,22
cabai,978,1259,20
cabai,957,961,24
kentang,1153,2639,14
bayam,464,1416,25
cabai,1080,1410,26
jambu air,417,2363,10
kentang,2460,3455,19
cabai,1046,900,19
bayam,1406,1200,22
stroberi,1492,639,19
bayam,857,1367,22
jambu air,238,914,12
jambu air,57,2326,10
cabai,473,810,18
jambu air,309,774,18
kentang,2584,3177,15
cabai,895,1671,23
stroberi,1258,621,19
jambu air,491,1830,17
stroberi,1183,623,20
jambu air,67,1321,25
stroberi,1480,692,19
jambu air,181,2725,15
cabai,247,1274,27
jambu air,17,1842,20
stroberi,1338,661,17
jambu air,362,2759,18
jambu air,463,733,19
bayam,825,1480,26
bayam,514,1362,24
bayam,1424,1419,30
cabai,681,1511,28
bayam,356,1837,24
bayam,969,1146,22
stroberi,1329,658,19
cabai,52,1491,21
bayam,1739,1274,24
kentang,1701,3534,19
kentang,973,3076,24
jambu air,304,2805,17
jambu air,459,1875,17
stroberi,1475,637,20
kentang,383,2581,15
cabai,1282,1551,24
jambu air,85,1840,28
jambu air,346,2634,21
kentang,2580,3181,24
bayam,1738,1313,28
cabai,581,1626,25
cabai,67,1014,29
kentang,2837,2751,23
cabai,1138,1867,25
stroberi,1034,690,18
bayam,1352,1960,30
jambu air,92,2609,10
kentang,2628,3498,16
stroberi,1443,645,17
jambu air,293,2855,13
jambu air,100,2100,17
stroberi,1247,644,19
kentang,2283,2450,14
cabai,1291,1855,25
stroberi,1472,670,18
kentang,2768,3579,18
stroberi,1130,631,17
jambu air,498,1317,21
jambu air,300,1479,16
cabai,179,1375,28
cabai,916,1623,19
jambu air,491,844,27
kentang,460,3043,13
cabai,589,1419,27
kentang,768,3412,22
cabai,53,1501,19
kentang,1222,2808,19
cabai,12,1010,22
jambu air,257,2285,23
bayam,1527,1061,29
kentang,2409,3293,18
bayam,1238,1202,28
jambu air,400,1399,19
cabai,652,999,27
stroberi,1341,678,20
jambu air,46,2489,27
cabai,1398,973,19
bayam,267,1593,23
jambu air,467,916,13
cabai,987,930,26
kentang,2896,2752,19
jambu air,328,1424,19
cabai,1203,961,23
cabai,695,933,27
bayam,87,1711,25
stroberi,1403,650,17
cabai,1301,1458,30
kentang,856,2812,14
stroberi,1236,659,20
cabai,148,846,22
kentang,2390,3380,16
kentang,1289,2757,19
stroberi,1032,624,17
bayam,59,1184,23
bayam,54,1205,26
bayam,487,1999,22
stroberi,1141,612,18
cabai,601,1242,21
stroberi,1245,605,18
cabai,326,1208,20
stroberi,1224,654,19
kentang,1028,3541,15
stroberi,1203,690,19
stroberi,1148,623,18
kentang,1028,3475,17
kentang,1479,3516,24
bayam,1405,1762,27
bayam,457,1565,24
stroberi,1476,624,17
stroberi,1247,658,19
cabai,1059,1405,21
kentang,1920,3447,24
jambu air,174,2713,20
stroberi,1107,671,18
cabai,230,1225,30
kentang,578,2661,17
stroberi,1116,696,19
stroberi,1318,687,20
bayam,216,1947,27
kentang,1984,2421,20
stroberi,1310,612,18
jambu air,12,599,18
cabai,1398,802,22
bayam,1685,1733,29
stroberi,1478,659,20
bayam,611,1722,30
stroberi,1185,659,18
bayam,1680,1400,28
stroberi,1463,627,20
cabai,492,963,23
stroberi,1032,659,17
bayam,1818,1942,21
cabai,501,1712,22
stroberi,1344,682,19
stroberi,1066,658,17
kentang,1222,3479,22
cabai,1204,1005,18
jambu air,221,2620,26
bayam,341,1950,23
jambu air,303,978,25
cabai,735,1759,23
jambu air,125,2211,17
cabai,1121,1938,19
kentang,1800,3214,17
bayam,1560,1975,29
stroberi,1040,638,19
stroberi,1183,649,18
stroberi,1250,677,20
cabai,156,1108,25
stroberi,1420,645,18
bayam,403,1879,27
kentang,525,2751,22
kentang,1380,2403,24
jambu air,327,2221,25
bayam,1882,1434,23
bayam,514,1128,30
bayam,948,1988,24
kentang,2118,3498,22
bayam,297,1667,21
cabai,505,1235,21
stroberi,1208,682,19
cabai,1350,1169,29
jambu air,419,2626,21
cabai,1258,1116,20
cabai,1050,818,30
cabai,33,891,29
bayam,910,1386,28
cabai,1281,1442,29
kentang,1358,3524,21
kentang,1300,2768,19
kentang,1619,2493,14
bayam,1075,1200,21
kentang,2649,3026,18
bayam,302,1416,24
cabai,493,1546,22
cabai,636,1376,18
cabai,160,1812,30
cabai,106,1216,27
bayam,766,1801,25
cabai,987,1189,20
stroberi,1014,684,18
cabai,1337,1305,27
kentang,1652,3575,20
stroberi,1156,682,17
stroberi,1396,654,18
bayam,612,1786,21
bayam,1722,1584,21
kentang,1792,3028,18
stroberi,1221,638,19
cabai,722,1424,19
cabai,462,1665,25
bayam,1246,1277,30
kentang,1059,2446,19
kentang,517,2436,14
cabai,1118,1810,23
stroberi,1038,652,19
stroberi,1492,689,17
bayam,520,1503,28
cabai,134,1166,28
bayam,301,1113,25
bayam,460,1115,24
stroberi,1486,665,17
cabai,60,1881,20
stroberi,1236,630,20
stroberi,1336,651,18
jambu air,68,1186,10
bayam,1178,1492,20
kentang,1790,2952,20
bayam,1860,1017,25
kentang,498,3332,17
kentang,1342,3169,15
kentang,2759,3399,24
cabai,807,1985,27
jambu air,301,2366,18
bayam,547,1170,24
kentang,1970,3137,24
bayam,129,1681,25
jambu air,454,1957,15
jambu air,274,1363,18
stroberi,1093,641,19
cabai,1130,862,23
bayam,1578,1130,24
jambu air,466,2342,11
jambu air,241,1329,22
stroberi,1114,672,18
jambu air,161,1852,25
cabai,1118,1838,26
bayam,1400,1200,20
stroberi,1265,629,17
kentang,1047,2910,14
jambu air,346,888,10
jambu air,301,694,11
bayam,1591,1650,29
jambu air,500,2723,11
stroberi,1106,686,19
kentang,2590,2444,21
jambu air,415,2883,11
cabai,680,947,18
bayam,881,1220,30
cabai,227,1724,30
stroberi,1050,670,20
kentang,1433,3465,16
stroberi,1016,668,20
kentang,1882,2853,22
bayam,1325,1477,24
jambu air,309,2317,25
kentang,2645,3354,15
stroberi,1071,679,20
jambu air,42,2134,25
cabai,1215,1235,22
kentang,2245,3078,19
cabai,1332,1538,26
jambu air,355,1899,28
stroberi,1024,697,19
jambu air,420,2538,13
cabai,296,847,22
cabai,404,1485,18
bayam,460,1301,30
kentang,2401,2668,19
kentang,971,3560,24
jambu air,473,2815,20
cabai,1082,1435,20
cabai,496,1154,27
bayam,21,1222,25
jambu air,454,1561,14
cabai,24,1664,23
kentang,1887,3079,14
jambu air,164,2994,16
bayam,674,1424,29
jambu air,129,793,15
stroberi,1050,631,17
cabai,1204,806,23
kentang,330,2760,24
cabai,1062,972,25
jambu air,425,1223,14
stroberi,1422,621,20
stroberi,1249,673,20
cabai,843,1067,19
stroberi,1138,637,20
jambu air,30,2472,25
kentang,419,2513,14
kentang,643,2826,24
jambu air,106,1039,23
jambu air,219,2135,16
kentang,1436,2440,24
cabai,235,1916,24
cabai,936,926,28
bayam,1025,1065,27
jambu air,161,2820,24
cabai,1057,1766,21
jambu air,88,1754,16
cabai,576,1158,27
jambu air,240,1355,10
kentang,2709,2408,15
jambu air,181,1556,25
kentang,2863,2509,17
stroberi,1106,651,19
cabai,272,1176,28
bayam,487,1196,21
bayam,1383,1360,24
bayam,1762,1007,23
jambu air,49,1608,15
jambu air,457,933,11
bayam,721,1103,23
kentang,2746,2811,22
cabai,596,1987,22
jambu air,377,1192,21
bayam,935,1376,20
kentang,2467,3280,17
cabai,1039,1195,24
bayam,9,1167,20
jambu air,26,1783,12
kentang,1366,2713,14
kentang,708,2730,17
bayam,1898,1415,30
kentang,2756,3027,22
cabai,67,1644,27
cabai,263,935,24
stroberi,1118,675,18
stroberi,1218,654,19
stroberi,1372,642,17
cabai,255,961,24
cabai,346,1889,18
cabai,477,1554,24
stroberi,1164,635,18
cabai,734,826,19
jambu air,122,1377,24
kentang,2926,2727,24
bayam,502,1382,24
stroberi,1092,686,18
cabai,424,1517,22
kentang,1451,2932,20
bayam,780,1832,28
stroberi,1400,612,17
jambu air,335,807,18
cabai,43,1056,28
stroberi,1275,694,17
cabai,390,1725,27
cabai,1223,1314,30
bayam,1585,1493,21
jambu air,124,1217,20
bayam,1842,1263,26
cabai,361,1652,26
kentang,1774,3547,24
bayam,809,1771,27
stroberi,1229,622,19
kentang,1400,3019,20
jambu air,231,2705,16
bayam,1007,1243,24
bayam,51,1317,27
bayam,158,1961,23
kentang,1289,3015,13
bayam,1397,1600,23
stroberi,1430,622,17
jambu air,184,2181,11
jambu air,107,1366,16
stroberi,1234,677,18
cabai,172,1393,27
stroberi,1279,633,18
kentang,1408,2599,18
kentang,1750,3140,24
stroberi,1298,666,20
stroberi,1155,689,18
kentang,2451,2462,21
jambu air,196,1583,17
kentang,1706,2783,24
jambu air,330,1732,17
jambu air,446,2469,11
stroberi,1109,602,18
kentang,2866,3110,22
jambu air,106,1049,24
jambu air,300,541,14
stroberi,1255,613,18
cabai,1108,1933,21
jambu air,151,2499,13
cabai,667,1781,29
jambu air,115,1067,21
jambu air,478,1726,28
bayam,1123,1783,22
cabai,1336,1867,28
kentang,590,2929,23
bayam,1183,1902,27
kentang,2653,3045,24
stroberi,1486,654,19
bayam,89,1307,26
kentang,1621,3306,18
cabai,858,1159,21
cabai,753,1389,27
stroberi,1353,628,19
jambu air,241,2673,16
jambu air,442,1834,17
jambu air,275,2129,20
stroberi,1183,612,20
kentang,1815,2499,19
stroberi,1220,689,18
cabai,823,1082,18
bayam,1652,1019,30
jambu air,286,2699,22
kentang,645,2409,22
jambu air,407,1588,28
cabai,45,1602,19
cabai,279,1852,18
jambu air,5,1561,24
cabai,584,941,28
kentang,829,3281,24
jambu air,290,1139,10
kentang,1893,3109,15
cabai,902,1122,20
jambu air,42,1174,28
kentang,2553,2856,24
jambu air,323,537,14
stroberi,1057,679,17
stroberi,1379,623,18
kentang,1001,2684,22
bayam,1198,1050,23
jambu air,423,2557,20
stroberi,1318,696,18
cabai,28,1037,20
cabai,1296,1140,22
jambu air,390,2239,12
bayam,690,1135,25
stroberi,1493,678,20
cabai,192,1448,28
cabai,1018,977,18
stroberi,1023,628,17
cabai,478,939,21
kentang,1906,3446,14
kentang,2979,3531,14
jambu air,373,1473,21
bayam,1033,1117,20
cabai,975,1625,18
kentang,2182,2720,24
stroberi,1400,621,19
stroberi,1106,603,20
kentang,1991,3092,23
jambu air,186,1538,20
jambu air,106,1796,26
cabai,770,1987,18
cabai,521,1595,21
jambu air,278,2442,20
bayam,431,1987,20
cabai,875,1582,22
stroberi,1204,606,18
bayam,1167,1454,29
jambu air,24,884,12
stroberi,1336,641,17
kentang,1477,3137,13
jambu air,5,801,26
stroberi,1458,621,18
cabai,331,1165,30
jambu air,33,1604,25
jambu air,272,753,20
kentang,2222,3001,20
stroberi,1207,635,18
stroberi,1333,625,20
jambu air,354,2136,19
cabai,1269,1338,26
stroberi,1356,624,17
jambu air,5,1586,19
bayam,608,1358,30
cabai,639,1255,26
stroberi,1220,604,17
cabai,1339,1198,26
kentang,2834,3210,22
kentang,1797,3508,20
jambu air,45,781,16
jambu air,252,512,22
jambu air,438,2138,20
jambu air,330,2499,13
bayam,1761,1676,24
kentang,1460,2605,15
stroberi,1105,617,18
cabai,532,1241,21
stroberi,1448,679,17
stroberi,1317,693,19
cabai,460,1520,30
bayam,1952,1062,29
cabai,1046,1683,25
jambu air,313,697,16
stroberi,1035,643,18
bayam,1321,1581,22
jambu air,354,1793,11
kentang,2187,2871,14
kentang,2526,2650,20
bayam,535,1791,27
cabai,283,1295,24
cabai,1134,1274,20
kentang,1490,3292,15
bayam,1119,1571,23
bayam,297,1347,21
kentang,1123,3371,13
stroberi,1132,640,20
bayam,390,1305,20
jambu air,377,1974,21
stroberi,1290,628,19
kentang,1900,3156,14
stroberi,1389,674,20
stroberi,1060,611,20
kentang,330,3430,14
cabai,247,1586,24
kentang,2482,3189,14
stroberi,1326,695,19
bayam,311,1197,27
kentang,1194,2479,23
kentang,2917,3320,16
stroberi,1228,649,18
kentang,2269,3403,13
bayam,464,1652,27
kentang,1822,3550,20
cabai,1057,1081,18
jambu air,263,2099,19
stroberi,1190,659,18
jambu air,266,1706,12
cabai,864,830,29
kentang,386,2599,18
jambu air,297,1208,15
cabai,9,1167,27
jambu air,209,1526,11
stroberi,1144,700,20
bayam,1234,1038,20
jambu air,322,2287,14
stroberi,1372,643,17
bayam,1823,1542,22
bayam,566,1023,21
bayam,367,1440,21
kentang,2605,2811,18
stroberi,1215,625,19
kentang,2710,3488,14
jambu air,441,2143,11
stroberi,1070,658,20
stroberi,1207,612,19
stroberi,1358,657,20
jambu air,315,2845,20
kentang,2460,2718,13
bayam,127,1403,23
stroberi,1244,678,18
kentang,1361,3083,17
cabai,245,979,26
kentang,2297,3526,20
jambu air,314,1866,28
jambu air,111,2278,15
stroberi,1121,622,17
stroberi,1214,669,20
bayam,1652,1408,28
kentang,1378,3235,19
jambu air,104,2126,22
stroberi,1371,637,17
cabai,247,1936,30
stroberi,1346,659,19
stroberi,1177,609,18
jambu air,93,2649,17
bayam,164,1071,23
bayam,1600,1855,24
bayam,242,1517,22
kentang,1148,3484,13
cabai,504,930,26
kentang,852,2918,19
cabai,695,1659,30
stroberi,1330,661,20
jambu air,118,2625,26
jambu air,298,2465,22
jambu air,486,2805,24
kentang,600,3332,22
kentang,2091,2894,15
bayam,1616,1735,23
kentang,2250,3094,15
jambu air,245,1791,26
kentang,1652,3584,22
cabai,476,1102,26
stroberi,1381,653,20
jambu air,425,883,14
kentang,1758,2642,16
kentang,1035,3065,20
kentang,2178,3401,15
cabai,554,1289,20
jambu air,357,2537,17
kentang,2029,2544,19
stroberi,1276,671,19
kentang,1130,2947,17
cabai,485,1778,30
cabai,346,1476,29
cabai,520,1615,26
stroberi,1024,700,20
cabai,1385,959,21
jambu air,358,1421,20
kentang,1690,2806,19
bayam,988,1927,21
jambu air,203,817,21
cabai,1055,1380,23
cabai,129,1083,30
stroberi,1261,617,20
stroberi,1191,666,19
cabai,103,1330,25
jambu air,121,2423,14
cabai,1254,1701,27
stroberi,1255,669,20
bayam,49,1348,29
kentang,1159,2839,21
kentang,1173,3251,21
kentang,1921,3565,24
jambu air,444,1911,13
jambu air,391,1750,11
bayam,1437,1416,24
stroberi,1144,648,20
jambu air,102,2509,26
cabai,981,1845,28
stroberi,1206,624,18
cabai,469,1021,22
stroberi,1093,636,20
jambu air,306,2587,16
jambu air,77,1278,13
stroberi,1046,658,17
bayam,1488,1795,25
cabai,843,1288,28
cabai,1163,1226,21
bayam,194,1036,29
kentang,1666,2970,17
kentang,2007,3455,14
cabai,802,1506,27
stroberi,1354,602,19
jambu air,207,1628,21
jambu air,52,2294,20
kentang,1477,3482,19
kentang,2547,2445,24
bayam,181,1915,20
stroberi,1359,668,18
cabai,1153,1740,26
cabai,659,1570,19
bayam,1985,1888,27
stroberi,1143,619,20
stroberi,1162,681,17
bayam,1951,1792,26
cabai,1099,1044,21
stroberi,1485,700,20
bayam,1657,1934,20
kentang,2385,2813,15
kentang,2456,2764,24
jambu air,192,2821,27
bayam,1917,1475,29
bayam,1222,1730,23
bayam,1670,1874,20
jambu air,250,508,10
bayam,1570,1995,20
cabai,230,1832,30
stroberi,1186,613,20
bayam,489,1503,30
jambu air,115,1814,19
jambu air,13,751,25
cabai,831,1648,27
kentang,1655,3362,16
bayam,420,1014,24
jambu air,388,2190,20
bayam,1738,1714,25
bayam,269,1881,27
stroberi,1191,694,18
kentang,2972,2994,21
kentang,2458,2740,19
bayam,890,1057,20
kentang,651,3534,23
bayam,1231,1434,28
cabai,627,1412,26
bayam,792,1523,24
stroberi,1155,676,20
stroberi,1110,661,20
stroberi,1344,679,18
jambu air,461,2996,13
kentang,324,3107,14
jambu air,218,2574,21
bayam,319,1902,26
jambu air,42,1144,22
cabai,1255,896,18
jambu air,308,1035,18
stroberi,1365,632,20
bayam,1480,1538,21
stroberi,1046,613,18
jambu air,207,2406,18
stroberi,1010,620,19
cabai,600,1694,20
stroberi,1202,600,19
stroberi,1011,671,18
jambu air,116,1489,28
bayam,1249,1273,20
stroberi,1029,647,17
cabai,892,887,24
bayam,912,1111,29
kentang,1111,2664,18
kentang,989,2883,16
kentang,515,2639,22
kentang,735,3393,14
cabai,1349,1957,24
stroberi,1428,690,18
cabai,1039,889,20
kentang,639,3029,13
jambu air,474,2257,25
jambu air,147,1385,12
stroberi,1249,693,20
bayam,1794,1720,30
jambu air,288,2573,17
jambu air,486,1384,22
cabai,85,943,29
kentang,639,2479,16
stroberi,1051,603,20
jambu air,407,1076,11
cabai,1132,927,18
kentang,1728,3329,18
bayam,1321,1562,26
kentang,667,3116,22
jambu air,24,1878,15
stroberi,1167,645,20
bayam,73,1380,29
kentang,1568,2453,18
jambu air,374,2488,26
bayam,553,1043,20
cabai,225,1511,28
kentang,1027,2891,18
bayam,725,1498,28
kentang,746,2866,17
jambu air,29,2563,23
jambu air,257,1366,12
stroberi,1159,616,17
jambu air,268,2902,21
kentang,352,2911,22
jambu air,110,1178,11
stroberi,1281,657,18
stroberi,1455,625,18
stroberi,1192,683,19
bayam,1753,1491,29
cabai,615,1901,25
cabai,1280,920,24
stroberi,1224,646,17
jambu air,389,1045,18
cabai,1192,1703,20
bayam,726,1766,24
jambu air,456,2725,28
jambu air,310,1216,27
jambu air,217,2733,12
stroberi,1404,629,17
jambu air,42,1617,16
kentang,2357,2649,21
stroberi,1155,647,19
kentang,1454,2655,22
bayam,1935,1812,22
jambu air,360,1840,23
jambu air,21,1534,13
kentang,1132,2792,18
cabai,868,1286,26
stroberi,1369,603,17
kentang,1153,3159,24
bayam,492,1104,28
kentang,484,2572,14
jambu air,49,2317,21
cabai,12,1802,23
bayam,747,1629,22
bayam,563,1468,21
bayam,630,1643,24
cabai,472,1491,18
jambu air,117,552,25
stroberi,1047,618,18
bayam,277,1854,20
jambu air,246,1431,24
stroberi,1322,637,19
kentang,2610,3546,16
cabai,202,920,29
bayam,968,1174,30
cabai,1014,1238,19
bayam,1336,1624,27
jambu air,182,2980,17
cabai,981,1785,24
stroberi,1171,604,20
stroberi,1063,669,18
jambu air,136,1772,11
cabai,178,1785,27
stroberi,1390,652,19
jambu air,349,1244,24
bayam,1515,1719,24
bayam,1445,1278,21
jambu air,309,557,22
stroberi,1296,603,20
bayam,919,1838,27
bayam,526,1894,21
kentang,2488,2877,17
bayam,243,1035,29
bayam,343,1255,28
stroberi,1072,613,20
stroberi,1128,659,19
cabai,1199,852,24
bayam,663,1917,21
cabai,909,1318,18
bayam,1313,1148,22
cabai,10,1452,20
bayam,39,1380,26
bayam,900,1825,21
stroberi,1376,689,19
cabai,599,1994,22
stroberi,1342,688,17
stroberi,1272,612,20
jambu air,304,2638,28
kentang,823,2607,20
stroberi,1003,692,20
kentang,1976,3492,19
stroberi,1422,632,18
jambu air,152,743,28
stroberi,1128,679,20
stroberi,1072,674,17
bayam,1768,1675,24
kentang,724,2496,13
stroberi,1113,678,18
cabai,1193,1237,24
cabai,1079,886,19
cabai,263,1012,22
bayam,1299,1822,29
kentang,2010,2748,13
jambu air,229,1414,28
bayam,1559,1845,28
kentang,559,2472,13
cabai,1112,977,19
kentang,1283,2692,18
cabai,402,973,21
stroberi,1256,605,19
kentang,2193,2547,18
cabai,1293,1323,20
cabai,913,1581,27
bayam,813,1508,24
cabai,438,1076,23
cabai,990,838,19
stroberi,1173,641,18
cabai,793,1824,21
cabai,7,1388,20
jambu air,268,541,17
stroberi,1043,630,19
kentang,2971,3282,15
stroberi,1033,621,20
jambu air,477,784,15
jambu air,294,1252,14
kentang,343,3032,14
bayam,486,1911,27
cabai,211,1467,23
jambu air,250,520,16
stroberi,1384,603,19
jambu air,460,2939,12
cabai,1161,1813,18
kentang,2511,3242,19
stroberi,1020,671,17
bayam,507,1909,29
cabai,1037,1491,24
kentang,912,2703,24
bayam,998,1131,26
stroberi,1318,636,17
cabai,205,1272,30
stroberi,1290,694,20
cabai,1332,1357,21
cabai,1149,1608,24
cabai,1314,1310,24
kentang,570,3092,23
kentang,2688,3155,21
cabai,884,869,30
jambu air,6,1794,11
bayam,455,1497,22
kentang,1622,2511,18
jambu air,232,2691,11
stroberi,1240,630,17
jambu air,29,1369,27
kentang,2310,2907,13
jambu air,340,2796,26
jambu air,372,1983,15
kentang,2080,2480,17
bayam,726,1268,23
bayam,239,1062,22
jambu air,495,635,18
stroberi,1058,691,18
stroberi,1007,651,17
kentang,2163,3390,14
bayam,1777,1200,21
jambu air,417,617,23
bayam,1291,1344,29
bayam,422,1514,25
stroberi,1194,661,20
cabai,662,1960,19
cabai,67,1339,18
cabai,379,1839,24
cabai,387,1992,22
kentang,924,2795,14
bayam,270,1139,25
kentang,1807,2871,19
kentang,1513,2949,14
kentang,546,3322,23
kentang,2057,2962,24
kentang,463,2454,17
bayam,372,1444,24
jambu air,478,2372,19
bayam,1709,1705,26
stroberi,1213,682,19
kentang,905,2849,16
kentang,1623,3456,24
bayam,881,1822,27
cabai,213,831,30
cabai,1287,1762,26
cabai,1264,1079,20
kentang,2940,2940,21
jambu air,411,2714,28
stroberi,1015,628,17
stroberi,1247,607,19
jambu air,405,1909,15
cabai,647,1763,22
stroberi,1018,624,17
kentang,2036,2431,20
kentang,1027,2856,16
bayam,1284,1279,24
bayam,402,1341,22
stroberi,1459,653,20
kentang,1892,2960,16
jambu air,62,2603,15
bayam,1349,1425,26
stroberi,1246,652,17
jambu air,132,1820,28
stroberi,1057,699,19
stroberi,1349,640,19
kentang,644,2777,20
cabai,149,949,23
stroberi,1419,620,20
kentang,1524,2623,23
cabai,1103,1109,24
kentang,357,3237,16
cabai,362,1476,21
cabai,1384,1349,28
jambu air,122,1164,12
cabai,1375,1807,21
stroberi,1208,657,18
stroberi,1064,629,19
jambu air,58,1805,17
stroberi,1305,655,17
kentang,2038,2870,20
cabai,441,1469,29
jambu air,45,2035,26
stroberi,1353,638,20
stroberi,1394,651,20
jambu air,254,1455,27
kentang,2157,3312,19
cabai,842,1070,19
kentang,2334,2646,17
bayam,1074,1923,26
kentang,2878,2514,15
jambu air,321,1091,27
kentang,409,2439,23
bayam,1482,1990,21
jambu air,69,2073,23
jambu air,88,2075,12
kentang,2121,2843,20
kentang,1600,3387,22
jambu air,175,2037,24
stroberi,1251,614,19
stroberi,1215,651,20
kentang,1082,3198,20
jambu air,51,1277,18
kentang,2214,3054,14
bayam,481,1957,30
jambu air,25,1324,19
bayam,1488,1578,29
bayam,1528,1978,24
kentang,1429,2871,13
kentang,1420,2832,19
stroberi,1244,616,17
jambu air,371,1573,18
bayam,625,1508,20
cabai,593,1207,26
kentang,1979,2621,19
stroberi,1399,637,19
kentang,305,2884,16
stroberi,1364,623,20
kentang,1619,2791,19
kentang,455,3562,19
jambu air,124,1464,28
bayam,136,1219,25
bayam,634,1586,25
stroberi,1071,600,17
stroberi,1065,654,17
stroberi,1307,625,18
jambu air,400,1480,26
jambu air,452,608,18
cabai,961,1141,19
stroberi,1127,602,19
cabai,795,1515,21
stroberi,1273,612,20
bayam,450,1948,25
stroberi,1358,669,18
kentang,1785,2864,15
jambu air,491,2004,23
stroberi,1024,641,17
kentang,2982,2475,24
cabai,175,915,24
jambu air,89,976,15
stroberi,1339,618,18
bayam,347,1955,24
cabai,410,955,23
jambu air,493,908,26
bayam,659,1124,28
cabai,322,1498,23
jambu air,180,1148,15
bayam,424,1634,20
kentang,1157,3556,24
bayam,1355,1583,25
kentang,670,3002,22
jambu air,212,2660,13
jambu air,448,942,20
cabai,416,1301,24
bayam,72,1689,24
jambu air,347,1047,14
bayam,522,1665,26
kentang,2450,3548,21
jambu air,288,1459,19
stroberi,1234,673,19
bayam,904,1642,30
bayam,639,1712,27
jambu air,298,1003,17
bayam,1459,1688,26
stroberi,1151,663,17
cabai,681,1362,30
kentang,1922,2868,17
bayam,457,1609,24
jambu air,143,2712,25
stroberi,1475,657,18
stroberi,1030,696,17
jambu air,123,2639,25
kentang,2202,2830,14
jambu air,53,903,26
bayam,1601,1284,28
kentang,2770,3598,13
bayam,281,1749,28
stroberi,1464,601,18
jambu air,151,2563,16
cabai,580,1037,18
kentang,764,3138,20
bayam,1652,1570,29
cabai,556,939,29
stroberi,1304,663,20
cabai,1153,971,30
bayam,231,1297,22
bayam,1671,1062,20
jambu air,247,2953,26
stroberi,1180,692,20
jambu air,339,2920,27
stroberi,1139,690,17
cabai,1142,1071,19
bayam,1319,1532,30
kentang,1081,3595,21
kentang,588,2986,13
bayam,1623,1421,24
bayam,1568,1113,23
kentang,943,3097,17
kentang,2073,2633,16
kentang,749,2613,16
stroberi,1163,685,18
bayam,1149,1416,21
bayam,849,1460,28
stroberi,1407,683,17
jambu air,223,2905,24
jambu air,7,2919,23
cabai,676,948,20
kentang,2275,2609,13
jambu air,499,2554,23
kentang,2302,3135,13
bayam,1180,1230,21
jambu air,325,1427,27
cabai,497,1366,24
bayam,1123,1019,20
cabai,405,1140,30
jambu air,118,2334,10
jambu air,30,1466,19
stroberi,1375,688,20
cabai,772,1698,28
kentang,1700,2445,21
kentang,2794,2548,23
cabai,394,1659,21
bayam,180,1433,25
jambu air,445,1037,19
bayam,901,1102,23
bayam,384,1376,29
kentang,1723,2952,22
cabai,13,1005,20
jambu air,184,553,12
bayam,550,1733,30
jambu air,126,929,23
cabai,45,1365,23
kentang,2747,3012,23
kentang,1808,2570,14
stroberi,1229,656,17
jambu air,10,1764,12
bayam,438,1745,20
kentang,1018,3252,22
stroberi,1043,618,19
cabai,193,1199,24
jambu air,21,1165,25
kentang,790,2834,13
cabai,476,1061,27
cabai,1087,1602,24
cabai,669,1913,30
stroberi,1221,665,18
kentang,1330,3100,23
kentang,2254,2926,21
jambu air,141,1646,19
cabai,340,1287,18
stroberi,1329,675,19
bayam,1348,1348,23
stroberi,1337,628,17
stroberi,1008,632,18
cabai,17,1058,24
kentang,2743,2698,17
kentang,569,3127,24
jambu air,242,2178,13
kentang,773,2526,20
kentang,803,2916,18
jambu air,231,1942,15
bayam,402,1594,23
jambu air,92,1809,21
bayam,1759,1158,27
stroberi,1286,680,17
jambu air,486,1191,15
bayam,1557,1597,30
jambu air,456,2927,15
jambu air,365,2965,28
jambu air,407,900,28
cabai,145,1448,26
kentang,2786,2435,13
bayam,1615,1375,21
kentang,1548,2406,23
stroberi,1193,618,19
cabai,337,1160,18
bayam,367,1055,29
bayam,1885,1949,25
kentang,1465,2637,23
jambu air,267,1206,12
bayam,1051,1301,21
jambu air,215,581,12
kentang,2608,3364,13
jambu air,82,2843,14
kentang,1199,2622,24
jambu air,459,1915,19
cabai,916,1158,30
jambu air,283,1835,23
kentang,1108,3321,20
stroberi,1267,673,19
bayam,1174,1396,24
kentang,577,3081,14
kentang,1314,2624,21
bayam,754,1968,26
bayam,1117,1034,27
jambu air,334,1606,27
kentang,1525,2959,13
cabai,247,1245,27
bayam,1964,1729,29
kentang,2945,3100,17
stroberi,1312,630,19
stroberi,1288,651,18
kentang,1430,3315,14
kentang,2779,3458,17
jambu air,160,2018,28
bayam,654,1561,24
stroberi,1099,687,17
stroberi,1194,688,18
cabai,527,1210,18
kentang,2490,2449,17
cabai,718,1495,18
stroberi,1344,629,17
bayam,1144,1157,22
stroberi,1040,673,18
jambu air,436,2963,28
stroberi,1244,682,18
jambu air,482,1864,17
kentang,1730,2420,19
bayam,59,1628,23
kentang,2410,2939,22
cabai,1081,1843,22
cabai,44,802,26
cabai,616,1116,25
cabai,1304,1105,22
kentang,1569,2822,20
cabai,54,1626,29
cabai,925,1118,25
cabai,397,1949,22
kentang,1558,3039,19
cabai,489,1005,30
bayam,339,1215,24
jambu air,84,1955,15
kentang,2214,3057,24
kentang,332,3434,17
stroberi,1145,638,20
stroberi,1357,626,17
stroberi,1410,669,18
bayam,1858,1469,27
jambu air,82,1290,12
kentang,2251,3068,17
cabai,522,953,22
bayam,1213,1081,29
jambu air,336,1229,28
jambu air,286,2876,20
bayam,1467,1776,26
cabai,1202,854,18
kentang,1082,3207,24
stroberi,1042,611,20
bayam,771,1484,21
cabai,976,1752,23
cabai,869,941,18
jambu air,400,2789,15
stroberi,1162,605,20
cabai,711,1982,27
stroberi,1425,695,17
jambu air,384,1919,25
cabai,743,1205,27
kentang,2099,3200,14
kentang,2976,2571,13
jambu air,304,2951,23
kentang,652,2856,13
cabai,432,1197,30
cabai,1061,1140,21
bayam,851,1528,20
jambu air,156,730,20
cabai,905,1504,29
kentang,1223,3112,13
cabai,133,1594,30
stroberi,1201,663,18
kentang,2710,2661,18
jambu air,490,1814,13
cabai,1031,846,22
kentang,1923,2660,17
kentang,621,3235,16
kentang,2940,3082,22
cabai,191,1711,19
stroberi,1376,667,20
kentang,2875,3208,21
bayam,1617,1724,23
jambu air,416,1734,17
jambu air,392,1048,10
jambu air,397,2500,18
stroberi,1146,626,17
kentang,2851,2583,18
bayam,1530,1501,25
bayam,884,1082,21
kentang,2760,2916,14
cabai,199,1691,25
stroberi,1421,648,17
cabai,861,1117,27
cabai,901,1473,18
bayam,577,1311,20
jambu air,175,2754,14
bayam,167,1253,22
kentang,2580,2588,18
kentang,959,2752,13
jambu air,411,1949,12
cabai,973,1304,20
kentang,2605,2471,17
cabai,1337,1528,26
bayam,1173,1097,28
bayam,1944,1546,27
bayam,957,1339,27
kentang,1364,3355,17
cabai,1331,965,23
stroberi,1229,639,19
jambu air,417,1292,23
jambu air,377,1259,16
stroberi,1396,700,18
stroberi,1318,611,19
bayam,1049,1629,24
cabai,449,815,25
stroberi,1418,633,18
jambu air,410,2161,23
bayam,587,1956,20
kentang,1513,2692,16
cabai,977,1141,24
kentang,709,2824,23
jambu air,249,1900,26
cabai,545,1631,29
stroberi,1194,689,17
cabai,1314,846,19
jambu air,447,2213,17
stroberi,1246,664,18
kentang,475,2718,16
bayam,633,1487,23
bayam,1872,1576,22
kentang,1857,2581,18
bayam,1585,1674,25
kentang,1090,3563,13
jambu air,223,2081,15
jambu air,134,899,13
jambu air,288,833,17
kentang,2948,3568,22
cabai,1115,1616,25
cabai,344,979,19
jambu air,313,1136,24
cabai,856,1125,27
stroberi,1395,674,18
stroberi,1318,668,19
bayam,1558,1771,20
bayam,1111,1431,28
jambu air,424,1250,21
bayam,827,1595,24
jambu air,193,2061,27
bayam,600,1619,24
jambu air,321,2604,25
stroberi,1366,677,20
stroberi,1174,603,20
cabai,107,844,30
kentang,2973,3554,24
cabai,122,1620,29
cabai,855,1989,20
cabai,866,1878,18
cabai,1301,1923,19
kentang,909,3166,24
jambu air,444,2867,14
kentang,2474,2864,22
jambu air,94,1438,21
kentang,2506,2605,24
kentang,2740,3584,15
jambu air,447,2948,15
stroberi,1421,663,20
cabai,726,823,29
kentang,1568,3451,14
stroberi,1168,619,18
stroberi,1025,689,17
kentang,854,3534,23
stroberi,1289,686,20
jambu air,197,1370,15
cabai,767,1934,30
jambu air,216,2403,19
kentang,354,2513,21
stroberi,1070,685,20
jambu air,281,1169,22
kentang,743,2693,20
jambu air,277,2442,25
stroberi,1348,678,19
stroberi,1408,661,20
jambu air,454,1331,15
jambu air,482,1143,22
bayam,752,1000,29
kentang,2820,2469,19
kentang,988,2939,22
jambu air,232,914,14
stroberi,1489,686,18
kentang,2356,3587,22
stroberi,1101,696,19
kentang,1225,2769,23
cabai,45,870,18
bayam,1730,1640,22
cabai,741,1003,30
cabai,157,917,30
stroberi,1029,648,19
kentang,1963,3176,14
stroberi,1063,652,19
stroberi,1475,686,17
kentang,349,2466,15
kentang,1217,3401,21
cabai,1206,1593,30
stroberi,1359,692,17
cabai,312,1490,29
cabai,1139,850,29
kentang,794,3435,24
jambu air,137,1553,28
jambu air,71,2732,10
stroberi,1487,667,17
stroberi,1031,656,18
kentang,2947,3324,23
kentang,1881,2409,13
jambu air,331,2502,25
kentang,1042,2451,16
stroberi,1261,631,19
kentang,1013,3061,23
kentang,703,2903,24
stroberi,1002,607,20
cabai,762,1249,18
jambu air,195,2127,28
kentang,1638,3299,23
cabai,1279,934,20
kentang,374,2934,17
stroberi,1291,659,17
stroberi,1100,689,18
cabai,759,1808,25
bayam,388,1680,28
cabai,678,1880,21
cabai,1192,1472,20
cabai,649,1190,26
kentang,783,2537,21
stroberi,1245,700,18
jambu air,453,702,21
bayam,381,1292,30
jambu air,425,676,13
kentang,540,3578,16
bayam,266,1607,29
bayam,916,1279,28
kentang,1862,3466,21
cabai,751,1582,23
cabai,537,1614,22
stroberi,1257,622,17
jambu air,419,2029,11
kentang,328,3375,21
cabai,118,1362,26
cabai,235,1250,22
stroberi,1256,652,18
cabai,181,1328,30
jambu air,38,753,11
cabai,1391,1443,26
jambu air,450,1573,16
jambu air,36,2175,17
kentang,2112,2545,13
stroberi,1145,610,20
cabai,472,875,28
cabai,466,1198,22
kentang,1982,2408,16
cabai,1021,1213,23
kentang,407,2519,19
bayam,1776,1588,20
cabai,689,1153,21
bayam,923,1455,28
bayam,504,1626,26
bayam,172,1306,23
jambu air,50,2209,12
bayam,588,1460,28
bayam,1887,1736,25
stroberi,1091,655,18
bayam,184,1515,23
stroberi,1337,667,18
stroberi,1485,630,20
kentang,2693,3371,14
bayam,1644,1247,20
stroberi,1008,636,17
cabai,555,980,26
kentang,2592,2816,23
stroberi,1100,621,17
jambu air,334,1317,27
bayam,1399,1035,26
stroberi,1493,651,17
cabai,1214,944,22
cabai,273,1942,27
cabai,1373,1210,20
jambu air,432,2533,27
bayam,1325,1099,21
jambu air,297,602,28
stroberi,1423,651,20
cabai,12,1194,25
bayam,1485,1264,20
kentang,709,2741,21
stroberi,1168,661,19
bayam,1513,1279,30
jambu air,145,603,28
bayam,1692,1796,21
stroberi,1250,694,18
bayam,513,1565,28
stroberi,1007,659,19
jambu air,130,579,23
cabai,1342,846,28
jambu air,77,2760,25
kentang,1400,3205,17
cabai,839,1006,26
stroberi,1003,626,17
bayam,1324,1516,22
kentang,436,3013,21
jambu air,422,1315,26
cabai,1026,1895,24
jambu air,383,1521,24
kentang,2127,3318,24
cabai,668,1056,27
kentang,1575,3131,14
cabai,471,1605,28
stroberi,1224,668,19
bayam,1859,1381,20
kentang,956,3111,16
bayam,558,1413,21
stroberi,1307,672,19
bayam,599,1449,21
cabai,388,1753,18
bayam,1820,1913,28
cabai,986,1830,22
stroberi,1478,691,17
kentang,1765,2945,15
stroberi,1108,625,19
stroberi,1229,667,18
bayam,814,1109,25
stroberi,1054,654,17
cabai,970,1346,29
jambu air,232,2452,22
bayam,1627,1262,27
stroberi,1071,623,20
cabai,91,1758,29
cabai,59,1888,26
bayam,1858,1212,21
bayam,108,1542,24
cabai,804,1488,29
kentang,2392,2636,14
jambu air,42,762,17
kentang,2041,3481,16
cabai,372,1337,29
bayam,729,1895,23
bayam,17,1866,23
bayam,1204,1174,29
stroberi,1345,631,20
kentang,1100,3131,24
cabai,405,1870,28
jambu air,309,1040,20
bayam,945,1476,22
bayam,1521,1305,24
cabai,1087,1708,26
bayam,962,1643,23
cabai,171,1841,28
bayam,295,1618,23
cabai,224,1287,23
bayam,315,1548,29
kentang,657,2666,21
cabai,919,1651,26
bayam,1903,1598,21
stroberi,1086,683,20
cabai,506,879,21
kentang,745,2955,24
bayam,1315,1852,20
jambu air,320,2341,28
kentang,729,2878,13
cabai,23,1410,19
kentang,2241,3102,24
kentang,2096,3573,24
bayam,1586,1401,26
stroberi,1152,686,19
kentang,2956,3049,14
kentang,1092,3018,14
bayam,1723,1460,26
kentang,2723,3550,21
kentang,1583,3003,19
cabai,147,1582,18
kentang,904,2874,18
bayam,209,1191,22
jambu air,247,855,19
stroberi,1243,696,18
cabai,1366,1544,23
kentang,2440,3528,18
stroberi,1031,669,18
bayam,818,1740,26
cabai,840,1935,30
jambu air,355,1713,15
cabai,465,1980,28
stroberi,1418,615,19
kentang,1823,2828,16
kentang,1890,3186,16
bayam,1379,1527,27
jambu air,267,1436,18
jambu air,483,727,10
jambu air,294,1731,28
stroberi,1047,695,18
cabai,881,1994,22
stroberi,1221,608,19
kentang,1763,2605,20
bayam,847,1298,26
stroberi,1181,658,17
jambu air,337,1332,12
jambu air,284,966,11
stroberi,1264,656,17
bayam,441,1529,22
jambu air,194,1000,27
stroberi,1258,603,17
cabai,848,1153,19
bayam,1438,1476,29
bayam,548,1897,21
cabai,345,1342,19
bayam,188,1563,30
stroberi,1467,671,17
stroberi,1495,614,18
kentang,2084,2430,17
cabai,887,1743,21
kentang,425,3483,15
jambu air,446,2930,18
bayam,50,1672,23
bayam,61,1998,20
bayam,84,1708,20
bayam,1407,1340,28
kentang,2286,3397,13
bayam,1065,1001,28
jambu air,137,2630,15
stroberi,1316,653,17
bayam,1241,1423,20
stroberi,1153,678,19
stroberi,1451,699,20
bayam,1103,1697,30
bayam,1790,1555,23
cabai,1382,1698,27
jambu air,484,2865,18
bayam,292,1541,20
jambu air,76,1099,14
cabai,554,1998,30
stroberi,1059,649,19
cabai,579,1803,24
jambu air,328,2662,22
cabai,564,1310,27
jambu air,125,1747,11
kentang,1250,3350,21
stroberi,1371,632,19
kentang,2251,2732,14
stroberi,1429,663,20
jambu air,176,1639,27
jambu air,294,2039,19
kentang,2927,2681,15
kentang,2626,2651,18
jambu air,316,2090,26
bayam,336,1173,25
bayam,1650,1116,20
stroberi,1293,689,19
jambu air,170,2904,22
cabai,226,1624,22
cabai,1099,1154,25
jambu air,488,1650,23
kentang,2900,3523,20
kentang,756,3045,14
kentang,606,2652,22
jambu air,282,1966,25
cabai,347,1392,22
cabai,1206,1844,19
stroberi,1034,631,19
cabai,1229,1998,27
bayam,25,1351,30
jambu air,292,2855,17
kentang,1595,3587,21
bayam,1459,1384,28
bayam,1899,1382,30
cabai,251,1787,24
stroberi,1049,691,19
cabai,1023,1431,23
jambu air,69,2914,22
kentang,2295,3135,24
stroberi,1123,663,20
bayam,528,1260,28
kentang,1014,2875,15
bayam,715,1940,28
cabai,1184,1794,18
jambu air,490,1928,27
stroberi,1350,698,19
kentang,1514,2960,14
bayam,182,1628,20
jambu air,70,2718,26
cabai,909,1049,28
stroberi,1118,627,18
stroberi,1326,636,20
cabai,1222,1913,30
bayam,758,1425,27
bayam,1269,1173,27
cabai,301,1688,28
kentang,861,3295,15
kentang,2184,2981,18
cabai,688,1119,24
stroberi,1164,675,18
bayam,18,1029,30
stroberi,1370,626,19
stroberi,1364,610,20
stroberi,1340,606,18
kentang,1046,2945,16
bayam,1954,1733,21
stroberi,1246,660,20
kentang,909,3306,21
cabai,19,1355,21
kentang,2807,2803,17
cabai,585,1816,23
stroberi,1409,694,17
jambu air,442,887,25
cabai,408,1928,23
jambu air,195,2547,28
jambu air,496,1504,18
stroberi,1390,691,19
kentang,834,2616,19
stroberi,1317,678,20
stroberi,1400,669,18
bayam,599,1442,23
stroberi,1019,654,18
kentang,2620,2514,20
stroberi,1187,679,19
bayam,247,1015,22
jambu air,75,2603,28
kentang,2866,2424,24
bayam,293,1955,21
cabai,491,1265,19
stroberi,1483,682,20
bayam,384,1741,29
stroberi,1082,693,20
kentang,1109,2475,16
kentang,893,2694,14
stroberi,1358,612,18
cabai,180,1915,20
cabai,244,1702,27
cabai,737,1540,23
bayam,15,1376,30
stroberi,1110,653,20
kentang,2370,2871,13
bayam,1456,1701,24
stroberi,1314,676,20
bayam,1121,1845,25
stroberi,1215,672,18
cabai,827,1598,23
kentang,1122,3035,23
kentang,1777,2812,17
kentang,448,3330,14
cabai,390,1913,29
bayam,480,1089,26
jambu air,240,1834,22
jambu air,238,1092,18
stroberi,1107,626,17
stroberi,1126,668,18
cabai,1211,941,21
kentang,1997,3454,13
stroberi,1086,672,17
jambu air,52,2444,10
bayam,1585,1506,26
stroberi,1093,690,19
bayam,1022,1204,29
stroberi,1003,696,17
stroberi,1132,672,17
cabai,134,1765,22
bayam,1684,1942,22
bayam,67,1524,23
stroberi,1086,646,17
stroberi,1240,608,18
stroberi,1177,682,20
jambu air,105,1480,12
stroberi,1120,684,19
jambu air,93,2011,24
bayam,311,1735,20
stroberi,1279,646,17
stroberi,1080,614,20
cabai,1012,951,27
bayam,1474,1133,27
bayam,957,1591,29
cabai,732,1968,20
stroberi,1449,694,19
cabai,1141,1925,20
kentang,809,2584,21
kentang,2974,3232,19
bayam,1517,1714,23
jambu air,496,1497,17
stroberi,1283,672,20
stroberi,1484,624,19
kentang,925,2907,14
kentang,2307,2556,24
kentang,1064,3295,24
jambu air,384,1288,17
kentang,2306,2624,23
bayam,878,1036,29
bayam,1027,1023,23
cabai,232,1465,26
kentang,1311,3122,13
cabai,1351,895,29
stroberi,1088,663,19
jambu air,142,799,15
stroberi,1199,609,20
jambu air,324,797,12
stroberi,1261,610,18
kentang,2830,3506,18
cabai,346,1344,29
bayam,973,1725,23
kentang,1585,3452,22
cabai,821,1902,27
stroberi,1384,629,19
cabai,36,898,22
stroberi,1494,691,20
jambu air,128,2048,14
bayam,496,1738,27
cabai,400,1443,26
jambu air,208,942,16
jambu air,226,1747,10
stroberi,1244,699,18
bayam,329,1708,20
jambu air,9,2850,17
kentang,1224,3541,18
bayam,1475,1466,24
kentang,531,3112,21
cabai,732,1355,28
kentang,1934,3518,24
cabai,780,930,20
bayam,1028,1867,25
kentang,1130,3513,19
bayam,558,1350,22
cabai,22,1367,23
stroberi,1477,628,19
kentang,2190,2753,18
cabai,477,1197,24
jambu air,358,2528,19
cabai,1364,1960,30
jambu air,180,818,17
jambu air,459,1395,24
bayam,1916,1179,30
stroberi,1111,632,17
cabai,1192,859,28
kentang,1324,2957,17
cabai,1213,962,30
kentang,2618,3300,20
cabai,1067,1691,23
stroberi,1479,622,18
cabai,1282,1755,27
stroberi,1335,609,19
jambu air,113,1491,22
kentang,1712,3499,21
jambu air,245,2340,14
kentang,818,3529,13
cabai,598,1399,22
stroberi,1270,674,20
kentang,2030,2908,14
kentang,2805,2990,18
cabai,1311,1467,22
cabai,155,1231,30
kentang,1280,2534,14
jambu air,264,2338,26
kentang,415,3165,24
kentang,2342,2561,17
stroberi,1113,634,19
bayam,938,1073,21
bayam,738,1465,23
stroberi,1415,652,17
stroberi,1178,638,20
cabai,369,1451,26
stroberi,1393,681,18
stroberi,1280,610,20
kentang,1036,2895,24
bayam,479,1017,23
stroberi,1344,608,19
stroberi,1194,691,20
kentang,2587,3597,13
jambu air,125,1577,16
kentang,2993,3160,24
stroberi,1225,626,19
bayam,1876,1501,21
stroberi,1460,646,17
bayam,378,1879,30
cabai,475,1103,21
bayam,1216,1646,28
cabai,569,1695,21
bayam,946,1618,23
stroberi,1402,689,17
bayam,60,1083,20
stroberi,1496,639,18
stroberi,1221,643,17
bayam,880,1428,27
stroberi,1427,600,19
jambu air,452,1143,14
cabai,119,1923,18
jambu air,301,2489,16
bayam,1497,1919,30
cabai,1389,1481,26
kentang,2657,3238,21
kentang,1387,3022,16
jambu air,213,953,10
cabai,1212,1106,29
jambu air,308,2621,10
cabai,916,1760,19
cabai,535,1375,18
jambu air,258,866,15
jambu air,236,2302,15
bayam,1398,1137,26
kentang,2086,2911,18
jambu air,444,2897,24
cabai,133,866,29
stroberi,1117,681,20
jambu air,93,2898,25
stroberi,1384,647,19
jambu air,165,2294,17
bayam,117,1603,20
stroberi,1442,689,19
cabai,229,819,24
cabai,1143,1949,24
jambu air,261,2523,26
bayam,1296,1148,23
jambu air,477,643,19
bayam,61,1963,30
cabai,273,1578,26
bayam,1148,1716,20
stroberi,1422,680,20
cabai,980,1906,26
jambu air,428,2433,23
bayam,1592,1145,21
jambu air,457,1577,10
bayam,1758,1706,29
jambu air,276,2405,10
cabai,1241,1954,22
kentang,2226,2641,13
cabai,610,905,20
jambu air,407,2404,10
jambu air,448,1794,17
stroberi,1483,659,19
jambu air,117,2231,25
kentang,1803,3243,20
stroberi,1472,626,20
stroberi,1047,654,20
kentang,1119,2766,24
cabai,1273,978,21
jambu air,15,607,16
bayam,472,1874,29
bayam,69,1707,30
cabai,574,1970,24
kentang,2717,3404,24
bayam,330,1611,26
kentang,989,2411,24
stroberi,1145,627,18
kentang,997,2584,24
jambu air,407,2906,17
kentang,1657,3253,21
kentang,1378,2883,17
bayam,1078,1515,23
bayam,876,1467,21
kentang,1469,3490,21
stroberi,1198,634,20
jambu air,483,737,13
jambu air,10,1388,27
stroberi,1445,646,18
kentang,1379,3220,16
cabai,146,1880,22
jambu air,465,531,15
stroberi,1458,673,17
stroberi,1214,651,19
kentang,2497,2478,16
stroberi,1358,666,18
bayam,293,1221,21
bayam,655,1052,30
stroberi,1448,622,17
bayam,1458,1444,28
jambu air,7,1597,27
cabai,998,1623,24
jambu air,17,666,22
jambu air,202,812,14
kentang,1372,3232,22
jambu air,359,2565,13
kentang,2561,3445,22
kentang,1656,2742,17
kentang,1564,3383,24
jambu air,239,1674,13
cabai,883,1279,28
kentang,1124,3545,15
cabai,1167,1302,23
cabai,1378,1533,22
bayam,298,1576,29
cabai,593,1424,30
stroberi,1426,634,20
jambu air,403,756,13
cabai,1025,1082,18
kentang,703,3319,18
jambu air,229,2611,18
stroberi,1320,645,19
jambu air,211,1303,15
kentang,2146,2874,19
kentang,356,2674,23
stroberi,1331,653,17
kentang,2090,2865,17
cabai,1089,1939,21
stroberi,1335,623,18
jambu air,257,1142,15
stroberi,1085,700,20
kentang,1900,2777,14
jambu air,405,1710,13
jambu air,205,2640,16
stroberi,1459,621,19
kentang,1913,2528,16
bayam,1166,1673,22
stroberi,1476,653,19
bayam,1802,1625,22
kentang,876,3236,13
bayam,1287,1810,24
stroberi,1352,629,19
bayam,868,1560,21
stroberi,1079,684,20
jambu air,354,1182,20
cabai,997,1307,21
jambu air,359,1240,25
cabai,502,1292,30
bayam,1661,1428,25
bayam,336,1423,30
stroberi,1197,692,18
jambu air,492,1764,26
bayam,580,1735,30
jambu air,83,2262,19
jambu air,317,1107,13
jambu air,51,1474,16
cabai,795,1566,22
jambu air,152,744,22
kentang,1542,3400,14
cabai,1013,1527,30
stroberi,1243,636,17
cabai,818,1547,23
stroberi,1157,649,19
bayam,857,1996,27
stroberi,1430,681,19
kentang,2150,2603,21
bayam,897,1389,24
jambu air,211,2303,20
kentang,2685,2783,15
cabai,1179,1637,28
stroberi,1482,665,17
kentang,358,3196,13
jambu air,115,724,20
stroberi,1009,646,17
stroberi,1406,626,17
bayam,12,1215,22
bayam,229,1561,30
cabai,345,1034,23
cabai,480,1104,28
stroberi,1011,649,20
bayam,1266,1974,20
cabai,572,1776,19
kentang,662,2554,19
